md5, size, path
ebb32d517138a878dda41ada75051a6c, 163401, https://github.com/vallejocc/Malware-Analysis-Reports/blob/master/Backdoor/Bladabindi_Microsoft/ebb32d517138a878dda41ada75051a6c.pdf
d4c3e289e5c2240b4bc06e344be6e5b6, 160484, https://github.com/vallejocc/Malware-Analysis-Reports/blob/master/Backdoor/Drixed_Microsoft/d4c3e289e5c2240b4bc06e344be6e5b6.pdf
803a9951c75174f67740ce852f8899a5, 208040, https://github.com/vallejocc/Malware-Analysis-Reports/blob/master/Backdoor/Kirts_Microsoft/803a9951c75174f67740ce852f8899a5.pdf
97980de9fef180b0794feb1cb8c77487, 144456, https://github.com/vallejocc/Malware-Analysis-Reports/blob/master/Backdoor/Kirts_Microsoft/97980de9fef180b0794feb1cb8c77487.pdf
993cfd5a184c17e7dc0eaa836678eb89, 73441, https://github.com/vallejocc/Malware-Analysis-Reports/blob/master/Backdoor/NetWiredRC_Microsoft/993cfd5a184c17e7dc0eaa836678eb89.pdf
5616aabff05e209108b5dac66a398b5a, 306848, https://github.com/vallejocc/Malware-Analysis-Reports/blob/master/Backdoor/Vawtrak_Microsoft/5616aabff05e209108b5dac66a398b5a.pdf
8a916ce8bac56ad0cc040507f70dccf2, 308598, https://github.com/vallejocc/Malware-Analysis-Reports/blob/master/Backdoor/Vawtrak_Microsoft/8a916ce8bac56ad0cc040507f70dccf2.pdf
aad03ef24251afbac16c249b721928cb, 354022, https://github.com/vallejocc/Malware-Analysis-Reports/blob/master/Backdoor/Vawtrak_Microsoft/aad03ef24251afbac16c249b721928cb.pdf
002abfa1b52e53e8a4a1f73be7ff2521, 86530, https://github.com/vallejocc/Malware-Analysis-Reports/blob/master/Backdoor/Venik_Microsoft/002abfa1b52e53e8a4a1f73be7ff2521.pdf
313f783ca58354f1e491a2d57714e551, 148345, https://github.com/vallejocc/Malware-Analysis-Reports/blob/master/BrowserModifier/KipodToolsCby_Microsoft/313f783ca58354f1e491a2d57714e551.pdf
1e6c3cfac9915c307a471e29895a297d, 293555, https://github.com/vallejocc/Malware-Analysis-Reports/blob/master/BrowserModifier/Qiwmonk_Microsoft/1e6c3cfac9915c307a471e29895a297d.pdf
f20eba276bd61a0602ef81ab64de261e, 289414, https://github.com/vallejocc/Malware-Analysis-Reports/blob/master/BrowserModifier/Qiwmonk_Microsoft/f20eba276bd61a0602ef81ab64de261e.pdf
2554366b2ba376f99e889708aebe9266, 178935, https://github.com/vallejocc/Malware-Analysis-Reports/blob/master/BrowserModifier/Xiazai_Microsoft/2554366b2ba376f99e889708aebe9266.pdf
93000e5d62ebbb36500bf762c5bbc1ec, 175222, https://github.com/vallejocc/Malware-Analysis-Reports/blob/master/BrowserModifier/Xiazai_Microsoft/93000e5d62ebbb36500bf762c5bbc1ec.pdf
168d0af663d76022ce31f16618dc68c3, 98745, https://github.com/vallejocc/Malware-Analysis-Reports/blob/master/DDoS/Nitol_Microsoft/168d0af663d76022ce31f16618dc68c3.pdf
2a8d437f0b9ffac482750fe052223c3d, 134945, https://github.com/vallejocc/Malware-Analysis-Reports/blob/master/Exploit/Eqtonex_Microsoft/2a8d437f0b9ffac482750fe052223c3d.pdf
ea2ef30c99ececb1eda9aa128631ff31, 82436, https://github.com/vallejocc/Malware-Analysis-Reports/blob/master/HackTool/Cain_Microsoft/ea2ef30c99ececb1eda9aa128631ff31.pdf
7a291e06fba414d353f7e8e3596a5d6b, 112688, https://github.com/vallejocc/Malware-Analysis-Reports/blob/master/Infostealer/Limitail_Symantec/7a291e06fba414d353f7e8e3596a5d6b.pdf
0f1c27f6aa9c909d28633944a53dd24e, 305992, https://github.com/vallejocc/Malware-Analysis-Reports/blob/master/ML/Attribute_Symantec/0f1c27f6aa9c909d28633944a53dd24e.pdf
22c921a14fa78b73f02c992e7bdfa9e4, 154840, https://github.com/vallejocc/Malware-Analysis-Reports/blob/master/ML/Attribute_Symantec/22c921a14fa78b73f02c992e7bdfa9e4.pdf
356829d2513a783404d4392ad75e8bc1, 299107, https://github.com/vallejocc/Malware-Analysis-Reports/blob/master/ML/Attribute_Symantec/356829d2513a783404d4392ad75e8bc1.pdf
6d464630b982f99079cbd4091ed32e51, 243095, https://github.com/vallejocc/Malware-Analysis-Reports/blob/master/ML/Attribute_Symantec/6d464630b982f99079cbd4091ed32e51.pdf
6e80d8febaa61608d9a5b7bcfc742f6d, 298568, https://github.com/vallejocc/Malware-Analysis-Reports/blob/master/ML/Attribute_Symantec/6e80d8febaa61608d9a5b7bcfc742f6d.pdf
7923cda88425682698b1b6f2f8b32073, 123859, https://github.com/vallejocc/Malware-Analysis-Reports/blob/master/ML/Attribute_Symantec/7923cda88425682698b1b6f2f8b32073.pdf
79ee82315b73c49064f379fac09e27dd, 182329, https://github.com/vallejocc/Malware-Analysis-Reports/blob/master/ML/Attribute_Symantec/79ee82315b73c49064f379fac09e27dd.pdf
818cab457cd02bc61d20a3d2d479f8fb, 159410, https://github.com/vallejocc/Malware-Analysis-Reports/blob/master/ML/Attribute_Symantec/818cab457cd02bc61d20a3d2d479f8fb.pdf
a30f5a86ae2b3dc9e081d49b5e164592, 325363, https://github.com/vallejocc/Malware-Analysis-Reports/blob/master/ML/Attribute_Symantec/a30f5a86ae2b3dc9e081d49b5e164592.pdf
b91b7ce3541ca394cd433714133ff912, 141072, https://github.com/vallejocc/Malware-Analysis-Reports/blob/master/ML/Attribute_Symantec/b91b7ce3541ca394cd433714133ff912.pdf
cad8dc092a9153487478765c609c8dc4, 306801, https://github.com/vallejocc/Malware-Analysis-Reports/blob/master/ML/Attribute_Symantec/cad8dc092a9153487478765c609c8dc4.pdf
ef2673f63038a2f52ff85fae76d40a41, 159414, https://github.com/vallejocc/Malware-Analysis-Reports/blob/master/ML/Attribute_Symantec/ef2673f63038a2f52ff85fae76d40a41.pdf
fc1ca6fd7b60e3946477dc32f64ae886, 285757, https://github.com/vallejocc/Malware-Analysis-Reports/blob/master/ML/Attribute_Symantec/fc1ca6fd7b60e3946477dc32f64ae886.pdf
53dc429b9b0e15f627e38c6af9b721df, 96418, https://github.com/vallejocc/Malware-Analysis-Reports/blob/master/PWS/Dyzap_Microsoft/53dc429b9b0e15f627e38c6af9b721df.pdf
0ceb7d1b98e9edfefc095d704b468051, 379214, https://github.com/vallejocc/Malware-Analysis-Reports/blob/master/PWS/Fareit_Microsoft/0ceb7d1b98e9edfefc095d704b468051.pdf
1d08a2c828495c9676bf09d7bfe39c35, 351878, https://github.com/vallejocc/Malware-Analysis-Reports/blob/master/PWS/Fareit_Microsoft/1d08a2c828495c9676bf09d7bfe39c35.pdf
245b1e1607bb0bbfa7a0a1635aba30a6, 100600, https://github.com/vallejocc/Malware-Analysis-Reports/blob/master/PWS/Fareit_Microsoft/245b1e1607bb0bbfa7a0a1635aba30a6.pdf
b04839f71416a7fb287c9517dc5deb50, 118987, https://github.com/vallejocc/Malware-Analysis-Reports/blob/master/PWS/Fareit_Microsoft/b04839f71416a7fb287c9517dc5deb50.pdf
4b11957c0d6fcc026118f0b5770bcdc2, 335833, https://github.com/vallejocc/Malware-Analysis-Reports/blob/master/PWS/Primarypass_Microsoft/4b11957c0d6fcc026118f0b5770bcdc2.pdf
ac79e347287414d4b16d5de3086e2104, 415603, https://github.com/vallejocc/Malware-Analysis-Reports/blob/master/PWS/Zbot_Microsoft/ac79e347287414d4b16d5de3086e2104.pdf
0802821ad0ddbd98db095d2f63fe2e78, 154747, https://github.com/vallejocc/Malware-Analysis-Reports/blob/master/Ransom/Cerber_Microsoft/0802821ad0ddbd98db095d2f63fe2e78.pdf
31a4de4051927444e72fa15bb79d3bad, 166472, https://github.com/vallejocc/Malware-Analysis-Reports/blob/master/Ransom/Cerber_Microsoft/31a4de4051927444e72fa15bb79d3bad.pdf
49b28dd5d43e9a13ee71775f1e43f126, 1358726, https://github.com/vallejocc/Malware-Analysis-Reports/blob/master/Ransom/Cerber_Microsoft/49b28dd5d43e9a13ee71775f1e43f126.pdf
7a4b785cc67a8d94e8f64b2897fce7e1, 247883, https://github.com/vallejocc/Malware-Analysis-Reports/blob/master/Ransom/Cerber_Microsoft/7a4b785cc67a8d94e8f64b2897fce7e1.pdf
7e5a535dac1e67178418ac8955c1c67f, 406814, https://github.com/vallejocc/Malware-Analysis-Reports/blob/master/Ransom/Cerber_Microsoft/7e5a535dac1e67178418ac8955c1c67f.pdf
8dbea8adaa453765255ce03a45e7f9b8, 217399, https://github.com/vallejocc/Malware-Analysis-Reports/blob/master/Ransom/Cerber_Microsoft/8dbea8adaa453765255ce03a45e7f9b8.pdf
8e471baff3f71aa0c05118cb8a177e19, 1932447, https://github.com/vallejocc/Malware-Analysis-Reports/blob/master/Ransom/Cerber_Microsoft/8e471baff3f71aa0c05118cb8a177e19.pdf
a74e06e378a17f7bfdb9b976fd50544a, 155461, https://github.com/vallejocc/Malware-Analysis-Reports/blob/master/Ransom/Cerber_Microsoft/a74e06e378a17f7bfdb9b976fd50544a.pdf
bfbb712f5ee3ab830a87a10eac439f26, 126623, https://github.com/vallejocc/Malware-Analysis-Reports/blob/master/Ransom/Cerber_Microsoft/bfbb712f5ee3ab830a87a10eac439f26.pdf
ca0d0e5eb22a0e19bc378c1a85ce82fb, 122785, https://github.com/vallejocc/Malware-Analysis-Reports/blob/master/Ransom/Cerber_Microsoft/ca0d0e5eb22a0e19bc378c1a85ce82fb.pdf
0d3fc3b53e13ae1b9fca27df49997b13, 503036, https://github.com/vallejocc/Malware-Analysis-Reports/blob/master/Ransom/Cerber_Symantec/0d3fc3b53e13ae1b9fca27df49997b13.pdf
e7fbf16c51801aee302ca4309eeddeff, 352383, https://github.com/vallejocc/Malware-Analysis-Reports/blob/master/Ransom/Cerber_Symantec/e7fbf16c51801aee302ca4309eeddeff.pdf
77bec9c9ff10401db30445cd9f4e1b0b, 150101, https://github.com/vallejocc/Malware-Analysis-Reports/blob/master/Ransom/Enestedel_Microsoft/77bec9c9ff10401db30445cd9f4e1b0b.pdf
48460c1f75469995a67349fe0766f776, 302739, https://github.com/vallejocc/Malware-Analysis-Reports/blob/master/Ransom/FileCryptor_Microsoft/48460c1f75469995a67349fe0766f776.pdf
4a247304688d6465c84227fddd102518, 247078, https://github.com/vallejocc/Malware-Analysis-Reports/blob/master/Ransom/Firecerb_Microsoft/4a247304688d6465c84227fddd102518.pdf
7cf3a584198ef3744b9255f2a9957332, 240479, https://github.com/vallejocc/Malware-Analysis-Reports/blob/master/Ransom/Firecerb_Microsoft/7cf3a584198ef3744b9255f2a9957332.pdf
82b8ee94dca6a495e41c3113ecf9c801, 246981, https://github.com/vallejocc/Malware-Analysis-Reports/blob/master/Ransom/Firecerb_Microsoft/82b8ee94dca6a495e41c3113ecf9c801.pdf
b594008c2cf42836ede1017aaa2d2472, 247208, https://github.com/vallejocc/Malware-Analysis-Reports/blob/master/Ransom/Firecerb_Microsoft/b594008c2cf42836ede1017aaa2d2472.pdf
29483b2e816db69ba221b18f97765abe, 126829, https://github.com/vallejocc/Malware-Analysis-Reports/blob/master/Ransom/Locky_Microsoft/29483b2e816db69ba221b18f97765abe.pdf
a1792915deecbf6064563e33bfc34b4b, 110070, https://github.com/vallejocc/Malware-Analysis-Reports/blob/master/Ransom/Locky_Microsoft/a1792915deecbf6064563e33bfc34b4b.pdf
a2e8be98b5c3e36df4d999f98106aa3b, 128045, https://github.com/vallejocc/Malware-Analysis-Reports/blob/master/Ransom/Locky_Microsoft/a2e8be98b5c3e36df4d999f98106aa3b.pdf
a82aa820247b76263406bed57910f91d, 134490, https://github.com/vallejocc/Malware-Analysis-Reports/blob/master/Ransom/Locky_Microsoft/a82aa820247b76263406bed57910f91d.pdf
c26c815817ee6146b04d1b48a0355678, 229447, https://github.com/vallejocc/Malware-Analysis-Reports/blob/master/Ransom/Locky_Microsoft/c26c815817ee6146b04d1b48a0355678.pdf
12dfa7ad3585f2c4c92e38eeeac2c1f4, 72227, https://github.com/vallejocc/Malware-Analysis-Reports/blob/master/Ransom/Milicry_Microsoft/12dfa7ad3585f2c4c92e38eeeac2c1f4.pdf
a5d1968dd130c55f6d489e8cde0a063d, 305268, https://github.com/vallejocc/Malware-Analysis-Reports/blob/master/Ransom/Ranscrape_Microsoft/a5d1968dd130c55f6d489e8cde0a063d.pdf
018fca033e5628d1d3a2f0aa2a9c6621, 185710, https://github.com/vallejocc/Malware-Analysis-Reports/blob/master/Ransom/Stampado_Microsoft/018fca033e5628d1d3a2f0aa2a9c6621.pdf
2236aeb7f5985071cee2b60b264cd8e8, 286017, https://github.com/vallejocc/Malware-Analysis-Reports/blob/master/Ransom/Troldesh_Microsoft/2236aeb7f5985071cee2b60b264cd8e8.pdf
4ce10eb6eba6217ebde4017ee9fb5489, 330777, https://github.com/vallejocc/Malware-Analysis-Reports/blob/master/Ransom/Troldesh_Microsoft/4ce10eb6eba6217ebde4017ee9fb5489.pdf
60f3ede7ba4d3b1f815d94ce152c4756, 278708, https://github.com/vallejocc/Malware-Analysis-Reports/blob/master/Ransom/Troldesh_Microsoft/60f3ede7ba4d3b1f815d94ce152c4756.pdf
a66f003e811572eeba6728c1b12439c3, 204612, https://github.com/vallejocc/Malware-Analysis-Reports/blob/master/Ransom/Troldesh_Microsoft/a66f003e811572eeba6728c1b12439c3.pdf
9cdc119626ab6b94073c2f1c45f93528, 327789, https://github.com/vallejocc/Malware-Analysis-Reports/blob/master/Ransom/Troldesh_Symantec/9cdc119626ab6b94073c2f1c45f93528.pdf
02afcbb29adaeafa05a2d0cc28030ef1, 476026, https://github.com/vallejocc/Malware-Analysis-Reports/blob/master/SecurityRisk/gen1_Symantec/02afcbb29adaeafa05a2d0cc28030ef1.pdf
b024717d8da278335bc45003d51cc2ae, 340077, https://github.com/vallejocc/Malware-Analysis-Reports/blob/master/SecurityRisk/gen1_Symantec/b024717d8da278335bc45003d51cc2ae.pdf
2efe6c8ac85502b679fb4f7464fbfe8a, 231501, https://github.com/vallejocc/Malware-Analysis-Reports/blob/master/Spammer/Morphisil_Microsoft/2efe6c8ac85502b679fb4f7464fbfe8a.pdf
aba2d86ed17f587eb6d57e6c75f64f05, 1736154, https://github.com/vallejocc/Malware-Analysis-Reports/blob/master/Trojan/CoinMiner_Microsoft/aba2d86ed17f587eb6d57e6c75f64f05.pdf
763578b979b570fc5e9d7bbaa7554d0b, 263035, https://github.com/vallejocc/Malware-Analysis-Reports/blob/master/Trojan/Derbit_Microsoft/763578b979b570fc5e9d7bbaa7554d0b.pdf
df3ee045ee4d92f5a7772299651039f7, 215104, https://github.com/vallejocc/Malware-Analysis-Reports/blob/master/Trojan/Derbit_Microsoft/df3ee045ee4d92f5a7772299651039f7.pdf
4adfc91f1cc5545b6903a300d11dd3b0, 129011, https://github.com/vallejocc/Malware-Analysis-Reports/blob/master/Trojan/Dorv_Microsoft/4adfc91f1cc5545b6903a300d11dd3b0.pdf
07b9f5611cfe89520398e4d1b314d62f, 136777, https://github.com/vallejocc/Malware-Analysis-Reports/blob/master/Trojan/Dynamer_Microsoft/07b9f5611cfe89520398e4d1b314d62f.pdf
091a2ddaa69c928786bf5173d86757d7, 514632, https://github.com/vallejocc/Malware-Analysis-Reports/blob/master/Trojan/Dynamer_Microsoft/091a2ddaa69c928786bf5173d86757d7.pdf
14cbea9a474c6f7ee88fa0d9671f75fd, 165889, https://github.com/vallejocc/Malware-Analysis-Reports/blob/master/Trojan/Dynamer_Microsoft/14cbea9a474c6f7ee88fa0d9671f75fd.pdf
29df6aaf6e10fabd28815f503a289bdc, 165884, https://github.com/vallejocc/Malware-Analysis-Reports/blob/master/Trojan/Dynamer_Microsoft/29df6aaf6e10fabd28815f503a289bdc.pdf
38bb48624529059e8bfb45e00a517f13, 92598, https://github.com/vallejocc/Malware-Analysis-Reports/blob/master/Trojan/Dynamer_Microsoft/38bb48624529059e8bfb45e00a517f13.pdf
55bfb2858c58065bac49c67024ddc3cd, 181052, https://github.com/vallejocc/Malware-Analysis-Reports/blob/master/Trojan/Dynamer_Microsoft/55bfb2858c58065bac49c67024ddc3cd.pdf
58c967f6d93748d0381d39f43081a84a, 165797, https://github.com/vallejocc/Malware-Analysis-Reports/blob/master/Trojan/Dynamer_Microsoft/58c967f6d93748d0381d39f43081a84a.pdf
6572d678819ad67d020c20688959135f, 121224, https://github.com/vallejocc/Malware-Analysis-Reports/blob/master/Trojan/Dynamer_Microsoft/6572d678819ad67d020c20688959135f.pdf
6b65c98e45e7bc9086ccf02e04379e4a, 87163, https://github.com/vallejocc/Malware-Analysis-Reports/blob/master/Trojan/Dynamer_Microsoft/6b65c98e45e7bc9086ccf02e04379e4a.pdf
79cb5caa2023bb1fc09a16eacfbadb7d, 144654, https://github.com/vallejocc/Malware-Analysis-Reports/blob/master/Trojan/Dynamer_Microsoft/79cb5caa2023bb1fc09a16eacfbadb7d.pdf
802eb0928efd197e78afb1c6a5aa1915, 136080, https://github.com/vallejocc/Malware-Analysis-Reports/blob/master/Trojan/Dynamer_Microsoft/802eb0928efd197e78afb1c6a5aa1915.pdf
8e0c5da877952c6f559269883680601a, 231435, https://github.com/vallejocc/Malware-Analysis-Reports/blob/master/Trojan/Dynamer_Microsoft/8e0c5da877952c6f559269883680601a.pdf
9389c9f01cbc7773c7b30be9d66dd78f, 99403, https://github.com/vallejocc/Malware-Analysis-Reports/blob/master/Trojan/Dynamer_Microsoft/9389c9f01cbc7773c7b30be9d66dd78f.pdf
a0fbf7f2c1695ec77aac7602a38cbfd8, 123827, https://github.com/vallejocc/Malware-Analysis-Reports/blob/master/Trojan/Dynamer_Microsoft/a0fbf7f2c1695ec77aac7602a38cbfd8.pdf
a38ae943bdf7e7579fe72b7c477d4df4, 112642, https://github.com/vallejocc/Malware-Analysis-Reports/blob/master/Trojan/Dynamer_Microsoft/a38ae943bdf7e7579fe72b7c477d4df4.pdf
a8c5cb77342d03d9fdfabd4a539ce6a1, 224480, https://github.com/vallejocc/Malware-Analysis-Reports/blob/master/Trojan/Dynamer_Microsoft/a8c5cb77342d03d9fdfabd4a539ce6a1.pdf
b53cc4c1d92b14c4ec24958ddc754a11, 84243, https://github.com/vallejocc/Malware-Analysis-Reports/blob/master/Trojan/Dynamer_Microsoft/b53cc4c1d92b14c4ec24958ddc754a11.pdf
c67a1208bcb948fe8c6c086f40647904, 136727, https://github.com/vallejocc/Malware-Analysis-Reports/blob/master/Trojan/Dynamer_Microsoft/c67a1208bcb948fe8c6c086f40647904.pdf
c8b159b89be8fe8081996530aed9b084, 76841, https://github.com/vallejocc/Malware-Analysis-Reports/blob/master/Trojan/Dynamer_Microsoft/c8b159b89be8fe8081996530aed9b084.pdf
ccc77d6b955172a89be82ff2a3f86ccd, 555575, https://github.com/vallejocc/Malware-Analysis-Reports/blob/master/Trojan/Dynamer_Microsoft/ccc77d6b955172a89be82ff2a3f86ccd.pdf
decda1bd9d1784e422dbd0137be7c545, 299240, https://github.com/vallejocc/Malware-Analysis-Reports/blob/master/Trojan/Dynamer_Microsoft/decda1bd9d1784e422dbd0137be7c545.pdf
e6f9da9a6ca6867b3afe83d9707cebd9, 248218, https://github.com/vallejocc/Malware-Analysis-Reports/blob/master/Trojan/Dynamer_Microsoft/e6f9da9a6ca6867b3afe83d9707cebd9.pdf
f4012addd8356efd07f9ce88ede2fcf7, 76995, https://github.com/vallejocc/Malware-Analysis-Reports/blob/master/Trojan/Dynamer_Microsoft/f4012addd8356efd07f9ce88ede2fcf7.pdf
f4b5834044cc447673b12cf453d14818, 126548, https://github.com/vallejocc/Malware-Analysis-Reports/blob/master/Trojan/Dynamer_Microsoft/f4b5834044cc447673b12cf453d14818.pdf
f65be5a2e77ca25ebfdf22ea41db4747, 623166, https://github.com/vallejocc/Malware-Analysis-Reports/blob/master/Trojan/Dynamer_Microsoft/f65be5a2e77ca25ebfdf22ea41db4747.pdf
0060cc2e24f259545558ebd8834dc345, 212694, https://github.com/vallejocc/Malware-Analysis-Reports/blob/master/Trojan/Emotet_Microsoft/0060cc2e24f259545558ebd8834dc345.pdf
0577f53f331507307cf6791a3f4bc1fe, 206897, https://github.com/vallejocc/Malware-Analysis-Reports/blob/master/Trojan/Emotet_Microsoft/0577f53f331507307cf6791a3f4bc1fe.pdf
118c0419749f59bc1f0fe9af7cc79cce, 214219, https://github.com/vallejocc/Malware-Analysis-Reports/blob/master/Trojan/Emotet_Microsoft/118c0419749f59bc1f0fe9af7cc79cce.pdf
25c6c3a33cec886e09453d7538ae952d, 205317, https://github.com/vallejocc/Malware-Analysis-Reports/blob/master/Trojan/Emotet_Microsoft/25c6c3a33cec886e09453d7538ae952d.pdf
288f7050c58681520be81ed406178a44, 213515, https://github.com/vallejocc/Malware-Analysis-Reports/blob/master/Trojan/Emotet_Microsoft/288f7050c58681520be81ed406178a44.pdf
31ac365b46ff51f23c5bff025a653ad7, 198495, https://github.com/vallejocc/Malware-Analysis-Reports/blob/master/Trojan/Emotet_Microsoft/31ac365b46ff51f23c5bff025a653ad7.pdf
6645a6f715c5b31dd377d4c883311b42, 207452, https://github.com/vallejocc/Malware-Analysis-Reports/blob/master/Trojan/Emotet_Microsoft/6645a6f715c5b31dd377d4c883311b42.pdf
72b7abbcc0fbde22b530ec49e792dc38, 210739, https://github.com/vallejocc/Malware-Analysis-Reports/blob/master/Trojan/Emotet_Microsoft/72b7abbcc0fbde22b530ec49e792dc38.pdf
859ebc8ba60e79eb3778619cd904881d, 200725, https://github.com/vallejocc/Malware-Analysis-Reports/blob/master/Trojan/Emotet_Microsoft/859ebc8ba60e79eb3778619cd904881d.pdf
b0c1f5d69b8960fc8385f2877165e7a4, 263558, https://github.com/vallejocc/Malware-Analysis-Reports/blob/master/Trojan/Emotet_Microsoft/b0c1f5d69b8960fc8385f2877165e7a4.pdf
b20334e7c635cca6bdb28c5404c2981e, 208156, https://github.com/vallejocc/Malware-Analysis-Reports/blob/master/Trojan/Emotet_Microsoft/b20334e7c635cca6bdb28c5404c2981e.pdf
d14410c3d9eb271590b8c729fdc049ef, 257236, https://github.com/vallejocc/Malware-Analysis-Reports/blob/master/Trojan/Emotet_Microsoft/d14410c3d9eb271590b8c729fdc049ef.pdf
eea4a53e70edbf3fa7f115a3f41d4ac0, 244209, https://github.com/vallejocc/Malware-Analysis-Reports/blob/master/Trojan/Emotet_Microsoft/eea4a53e70edbf3fa7f115a3f41d4ac0.pdf
4dfcf6214ba8917eb03b86c07ead481f, 159435, https://github.com/vallejocc/Malware-Analysis-Reports/blob/master/Trojan/Fakeavlock_Symantec/4dfcf6214ba8917eb03b86c07ead481f.pdf
086ca0d2e06f7cf7c15f0f74bc6db518, 490987, https://github.com/vallejocc/Malware-Analysis-Reports/blob/master/Trojan/Gen_Symantec/086ca0d2e06f7cf7c15f0f74bc6db518.pdf
0d5d93e530233bfffa6893c8d9eccecb, 248602, https://github.com/vallejocc/Malware-Analysis-Reports/blob/master/Trojan/Gen_Symantec/0d5d93e530233bfffa6893c8d9eccecb.pdf
0e6323a027ccd071be4f940dfaa4d8b7, 159507, https://github.com/vallejocc/Malware-Analysis-Reports/blob/master/Trojan/Gen_Symantec/0e6323a027ccd071be4f940dfaa4d8b7.pdf
2bfea87b2cdd9ea034771dc613950f79, 340328, https://github.com/vallejocc/Malware-Analysis-Reports/blob/master/Trojan/Gen_Symantec/2bfea87b2cdd9ea034771dc613950f79.pdf
31d5f481153ccd2829558720f8d90d81, 965526, https://github.com/vallejocc/Malware-Analysis-Reports/blob/master/Trojan/Gen_Symantec/31d5f481153ccd2829558720f8d90d81.pdf
32064192b68aa541e906549fb8d19130, 275861, https://github.com/vallejocc/Malware-Analysis-Reports/blob/master/Trojan/Gen_Symantec/32064192b68aa541e906549fb8d19130.pdf
321b21b11c10cf3ad97210a41b2c8487, 97967, https://github.com/vallejocc/Malware-Analysis-Reports/blob/master/Trojan/Gen_Symantec/321b21b11c10cf3ad97210a41b2c8487.pdf
3aa3cdbcc32f71d4bda8acdfb2934d77, 232270, https://github.com/vallejocc/Malware-Analysis-Reports/blob/master/Trojan/Gen_Symantec/3aa3cdbcc32f71d4bda8acdfb2934d77.pdf
3f6cbe3089754d19ef26472c963d6472, 307443, https://github.com/vallejocc/Malware-Analysis-Reports/blob/master/Trojan/Gen_Symantec/3f6cbe3089754d19ef26472c963d6472.pdf
6b422988b8b66e54e68f110c64914744, 1148735, https://github.com/vallejocc/Malware-Analysis-Reports/blob/master/Trojan/Gen_Symantec/6b422988b8b66e54e68f110c64914744.pdf
7714fccf2d8f60a76f2f77ba55666437, 219796, https://github.com/vallejocc/Malware-Analysis-Reports/blob/master/Trojan/Gen_Symantec/7714fccf2d8f60a76f2f77ba55666437.pdf
87c74ddab0fba599a7fcd001e510ddde, 430136, https://github.com/vallejocc/Malware-Analysis-Reports/blob/master/Trojan/Gen_Symantec/87c74ddab0fba599a7fcd001e510ddde.pdf
8a67edc8b9a478405f78ceb7f46a615e, 202799, https://github.com/vallejocc/Malware-Analysis-Reports/blob/master/Trojan/Gen_Symantec/8a67edc8b9a478405f78ceb7f46a615e.pdf
9502606ac53727073a5ca814cab79872, 159363, https://github.com/vallejocc/Malware-Analysis-Reports/blob/master/Trojan/Gen_Symantec/9502606ac53727073a5ca814cab79872.pdf
958d95092c80a857bf3a2e8ba0c573b7, 358276, https://github.com/vallejocc/Malware-Analysis-Reports/blob/master/Trojan/Gen_Symantec/958d95092c80a857bf3a2e8ba0c573b7.pdf
97df1d1deeae5ccbaf84db60e24280e3, 58706, https://github.com/vallejocc/Malware-Analysis-Reports/blob/master/Trojan/Gen_Symantec/97df1d1deeae5ccbaf84db60e24280e3.pdf
b3aa7897f91d154448ca43c228ae7a8e, 485052, https://github.com/vallejocc/Malware-Analysis-Reports/blob/master/Trojan/Gen_Symantec/b3aa7897f91d154448ca43c228ae7a8e.pdf
b5329523cce09e59cbf6c0dafed75083, 55565, https://github.com/vallejocc/Malware-Analysis-Reports/blob/master/Trojan/Gen_Symantec/b5329523cce09e59cbf6c0dafed75083.pdf
b69d2f08dc4156b643efa0f5ba193980, 239953, https://github.com/vallejocc/Malware-Analysis-Reports/blob/master/Trojan/Gen_Symantec/b69d2f08dc4156b643efa0f5ba193980.pdf
b7405069f5f529efea3c179f3e0ceae8, 142148, https://github.com/vallejocc/Malware-Analysis-Reports/blob/master/Trojan/Gen_Symantec/b7405069f5f529efea3c179f3e0ceae8.pdf
b8a1922273dfe6949318e46d63eb8ff1, 437977, https://github.com/vallejocc/Malware-Analysis-Reports/blob/master/Trojan/Gen_Symantec/b8a1922273dfe6949318e46d63eb8ff1.pdf
bde29dee841faf6a084a57bcc7bf4513, 484824, https://github.com/vallejocc/Malware-Analysis-Reports/blob/master/Trojan/Gen_Symantec/bde29dee841faf6a084a57bcc7bf4513.pdf
c99e4a54212a76a06b5320e4cf97663a, 499189, https://github.com/vallejocc/Malware-Analysis-Reports/blob/master/Trojan/Gen_Symantec/c99e4a54212a76a06b5320e4cf97663a.pdf
cbf0960366bd69a5dc9f4a9eb2446cf8, 159142, https://github.com/vallejocc/Malware-Analysis-Reports/blob/master/Trojan/Gen_Symantec/cbf0960366bd69a5dc9f4a9eb2446cf8.pdf
f1db409bf1ff8f356cffb4a5546c34a4, 1197575, https://github.com/vallejocc/Malware-Analysis-Reports/blob/master/Trojan/Gen_Symantec/f1db409bf1ff8f356cffb4a5546c34a4.pdf
f6421a4f570656ada4a6c953bdd3c342, 137467, https://github.com/vallejocc/Malware-Analysis-Reports/blob/master/Trojan/Gen_Symantec/f6421a4f570656ada4a6c953bdd3c342.pdf
045c6381cc14e6d68fc3b619c83af53c, 148452, https://github.com/vallejocc/Malware-Analysis-Reports/blob/master/Trojan/Godzilia_Microsoft/045c6381cc14e6d68fc3b619c83af53c.pdf
31963075abec1ca51a7c8416baf097f2, 239371, https://github.com/vallejocc/Malware-Analysis-Reports/blob/master/Trojan/Injeber_Microsoft/31963075abec1ca51a7c8416baf097f2.pdf
3b989e849a26378e61d1eb0f7661d163, 125724, https://github.com/vallejocc/Malware-Analysis-Reports/blob/master/Trojan/Injector_Microsoft/3b989e849a26378e61d1eb0f7661d163.pdf
4a5341716fb8364073c4471c1b77d840, 141735, https://github.com/vallejocc/Malware-Analysis-Reports/blob/master/Trojan/Itagomoko_Microsoft/4a5341716fb8364073c4471c1b77d840.pdf
035c8640465a8accbe62f3f150eed9c7, 306130, https://github.com/vallejocc/Malware-Analysis-Reports/blob/master/Trojan/Kovter_Microsoft/035c8640465a8accbe62f3f150eed9c7.pdf
0ac39ee46f5ac730efdc8524a0f6555b, 321471, https://github.com/vallejocc/Malware-Analysis-Reports/blob/master/Trojan/Kovter_Microsoft/0ac39ee46f5ac730efdc8524a0f6555b.pdf
2362ee2936020a765497255761fc8478, 296634, https://github.com/vallejocc/Malware-Analysis-Reports/blob/master/Trojan/Kovter_Microsoft/2362ee2936020a765497255761fc8478.pdf
2a87111d3653b719433d65398737df32, 317350, https://github.com/vallejocc/Malware-Analysis-Reports/blob/master/Trojan/Kovter_Microsoft/2a87111d3653b719433d65398737df32.pdf
39d568d2e12d7c505c2e327f51d185b6, 311388, https://github.com/vallejocc/Malware-Analysis-Reports/blob/master/Trojan/Kovter_Microsoft/39d568d2e12d7c505c2e327f51d185b6.pdf
6ff19197ebb693d74bf533ce456a079c, 304742, https://github.com/vallejocc/Malware-Analysis-Reports/blob/master/Trojan/Kovter_Microsoft/6ff19197ebb693d74bf533ce456a079c.pdf
83a30ab96bc1949ef9cd6e7c6fa31787, 310169, https://github.com/vallejocc/Malware-Analysis-Reports/blob/master/Trojan/Kovter_Microsoft/83a30ab96bc1949ef9cd6e7c6fa31787.pdf
844544ee349b6843403c97fb8b2f700f, 297517, https://github.com/vallejocc/Malware-Analysis-Reports/blob/master/Trojan/Kovter_Microsoft/844544ee349b6843403c97fb8b2f700f.pdf
9a7cdaa03694f902efe4c939fa6a3a82, 308278, https://github.com/vallejocc/Malware-Analysis-Reports/blob/master/Trojan/Kovter_Microsoft/9a7cdaa03694f902efe4c939fa6a3a82.pdf
d5cba842097fefd023ee19c8de166b93, 319029, https://github.com/vallejocc/Malware-Analysis-Reports/blob/master/Trojan/Kovter_Microsoft/d5cba842097fefd023ee19c8de166b93.pdf
ed3e677d36ab794e7929dd3e6f065c1d, 304563, https://github.com/vallejocc/Malware-Analysis-Reports/blob/master/Trojan/Kovter_Microsoft/ed3e677d36ab794e7929dd3e6f065c1d.pdf
f4be724e1352f12c15f203be39bf4dd9, 297804, https://github.com/vallejocc/Malware-Analysis-Reports/blob/master/Trojan/Kovter_Microsoft/f4be724e1352f12c15f203be39bf4dd9.pdf
4bb40eabcc92beae2959ff8e88dc3e30, 159203, https://github.com/vallejocc/Malware-Analysis-Reports/blob/master/Trojan/Miuref_Microsoft/4bb40eabcc92beae2959ff8e88dc3e30.pdf
4c890e542cf20d22f242a66512465674, 205191, https://github.com/vallejocc/Malware-Analysis-Reports/blob/master/Trojan/Mupad_Microsoft/4c890e542cf20d22f242a66512465674.pdf
a30713271c6b283c39aeeba45c37adcf, 309548, https://github.com/vallejocc/Malware-Analysis-Reports/blob/master/Trojan/Mupad_Microsoft/a30713271c6b283c39aeeba45c37adcf.pdf
92ad7f8c7e236a2d078d4b533799f817, 483695, https://github.com/vallejocc/Malware-Analysis-Reports/blob/master/Trojan/Nagram_Microsoft/92ad7f8c7e236a2d078d4b533799f817.pdf
43129013595430880baadd6245fa689d, 376085, https://github.com/vallejocc/Malware-Analysis-Reports/blob/master/Trojan/Neurevt_Microsoft/43129013595430880baadd6245fa689d.pdf
364d3812320b624f0c5690b18d387f1f, 165695, https://github.com/vallejocc/Malware-Analysis-Reports/blob/master/Trojan/Nymaim_Symantec/364d3812320b624f0c5690b18d387f1f.pdf
07c02391f5f29383622ec9cd61f97caa, 109698, https://github.com/vallejocc/Malware-Analysis-Reports/blob/master/Trojan/Qzonit_Microsoft/07c02391f5f29383622ec9cd61f97caa.pdf
7eea81afdb7ab260064aea5dd5ac6531, 171005, https://github.com/vallejocc/Malware-Analysis-Reports/blob/master/Trojan/Ramnit_Microsoft/7eea81afdb7ab260064aea5dd5ac6531.pdf
3c5a588201a1c5d118eefca923f978d9, 71224, https://github.com/vallejocc/Malware-Analysis-Reports/blob/master/Trojan/Skeeyah_Microsoft/3c5a588201a1c5d118eefca923f978d9.pdf
531eeb1a427111b2b79a7069085d8f2d, 172571, https://github.com/vallejocc/Malware-Analysis-Reports/blob/master/Trojan/Skeeyah_Microsoft/531eeb1a427111b2b79a7069085d8f2d.pdf
7d2dc8564359854b9da0a6a83e915185, 154413, https://github.com/vallejocc/Malware-Analysis-Reports/blob/master/Trojan/Skeeyah_Microsoft/7d2dc8564359854b9da0a6a83e915185.pdf
86df897b87816cecb01ddc357c0816cd, 104490, https://github.com/vallejocc/Malware-Analysis-Reports/blob/master/Trojan/Skeeyah_Microsoft/86df897b87816cecb01ddc357c0816cd.pdf
89dda39f4e38ee1ee1700c1c7e7347aa, 152027, https://github.com/vallejocc/Malware-Analysis-Reports/blob/master/Trojan/Skeeyah_Microsoft/89dda39f4e38ee1ee1700c1c7e7347aa.pdf
99095ba8ae7ada71c82061a1e92a9093, 175296, https://github.com/vallejocc/Malware-Analysis-Reports/blob/master/Trojan/Skeeyah_Microsoft/99095ba8ae7ada71c82061a1e92a9093.pdf
ac765e9809de73f444cd2cce04256dac, 207024, https://github.com/vallejocc/Malware-Analysis-Reports/blob/master/Trojan/Skeeyah_Microsoft/ac765e9809de73f444cd2cce04256dac.pdf
bd97419fa2461678074495c0c0df3abf, 320677, https://github.com/vallejocc/Malware-Analysis-Reports/blob/master/Trojan/Skeeyah_Microsoft/bd97419fa2461678074495c0c0df3abf.pdf
feb5e000f0e7ce005126632a9e53c602, 393767, https://github.com/vallejocc/Malware-Analysis-Reports/blob/master/Trojan/Skeeyah_Microsoft/feb5e000f0e7ce005126632a9e53c602.pdf
8d862250a2e0cd43f66cd6b13d0c83b9, 243378, https://github.com/vallejocc/Malware-Analysis-Reports/blob/master/Trojan/Smoaler_Symantec/8d862250a2e0cd43f66cd6b13d0c83b9.pdf
screenshot, 0, https://github.com/vallejocc/Malware-Analysis-Reports/blob/master/Trojan/Starter_Microsoft/cb815d67aec1d90825f4d8dc83b40b0c.pdf.screenshot.png
495e9010a58034e88cb9c60b876a4750, 1112987, https://github.com/vallejocc/Malware-Analysis-Reports/blob/master/Trojan/Swrort_Microsoft/495e9010a58034e88cb9c60b876a4750.pdf
04df6fbf31c412deecc7753a1ed3f9f1, 410043, https://github.com/vallejocc/Malware-Analysis-Reports/blob/master/Trojan/Totbrick_Microsoft/04df6fbf31c412deecc7753a1ed3f9f1.pdf
143b01d3edc77ed82c5e5a4ae4d92b5a, 409834, https://github.com/vallejocc/Malware-Analysis-Reports/blob/master/Trojan/Totbrick_Microsoft/143b01d3edc77ed82c5e5a4ae4d92b5a.pdf
14ffdcecdd3c6056460cc622fef3b061, 296696, https://github.com/vallejocc/Malware-Analysis-Reports/blob/master/Trojan/Totbrick_Microsoft/14ffdcecdd3c6056460cc622fef3b061.pdf
645a229bfa994e79286537ea8f0c9381, 413159, https://github.com/vallejocc/Malware-Analysis-Reports/blob/master/Trojan/Totbrick_Microsoft/645a229bfa994e79286537ea8f0c9381.pdf
6ac2293e5a863c0cef84833b348b905b, 489846, https://github.com/vallejocc/Malware-Analysis-Reports/blob/master/Trojan/Zlader_Microsoft/6ac2293e5a863c0cef84833b348b905b.pdf
cbc23ce5f4b4e4142172808ed3ece105, 146131, https://github.com/vallejocc/Malware-Analysis-Reports/blob/master/TrojanDownloader/Banload_Microsoft/cbc23ce5f4b4e4142172808ed3ece105.pdf
3b8c2b7ca38835f13ea65710759449f3, 248028, https://github.com/vallejocc/Malware-Analysis-Reports/blob/master/TrojanDownloader/Dofoil_Microsoft/3b8c2b7ca38835f13ea65710759449f3.pdf
af4d07354b896d32b1d3f6d5e47e1a68, 272063, https://github.com/vallejocc/Malware-Analysis-Reports/blob/master/TrojanDownloader/Dofoil_Microsoft/af4d07354b896d32b1d3f6d5e47e1a68.pdf
faab4e23a5876e096f6869c8fad14860, 240488, https://github.com/vallejocc/Malware-Analysis-Reports/blob/master/TrojanDownloader/Dofoil_Microsoft/faab4e23a5876e096f6869c8fad14860.pdf
03e6e9668f7bce966e7fced120f50d79, 61510, https://github.com/vallejocc/Malware-Analysis-Reports/blob/master/TrojanDownloader/Gotup_Microsoft/03e6e9668f7bce966e7fced120f50d79.pdf
64e0165d8cf21c65d3cb3b8a94718d20, 150030, https://github.com/vallejocc/Malware-Analysis-Reports/blob/master/TrojanDropper/Evotob_Microsoft/64e0165d8cf21c65d3cb3b8a94718d20.pdf
82f819ee6aa16935170af8df6ba6e94b, 145993, https://github.com/vallejocc/Malware-Analysis-Reports/blob/master/TrojanDropper/Zegost_Microsoft/82f819ee6aa16935170af8df6ba6e94b.pdf
6bc76ea071b9a23bef03c3cf7f06f4b6, 197104, https://github.com/vallejocc/Malware-Analysis-Reports/blob/master/TrojanSpy/Banker_Microsoft/6bc76ea071b9a23bef03c3cf7f06f4b6.pdf
6ca8c6425d27f6e63aac6f979f9e948e, 307287, https://github.com/vallejocc/Malware-Analysis-Reports/blob/master/TrojanSpy/Banker_Microsoft/6ca8c6425d27f6e63aac6f979f9e948e.pdf
bc09a38b81d68c71a3bb7ee1e972e255, 692838, https://github.com/vallejocc/Malware-Analysis-Reports/blob/master/TrojanSpy/Banker_Microsoft/bc09a38b81d68c71a3bb7ee1e972e255.pdf
05d97a2ad7acf96f3499afa5d00c3104, 83336, https://github.com/vallejocc/Malware-Analysis-Reports/blob/master/TrojanSpy/Skeeyah_Microsoft/05d97a2ad7acf96f3499afa5d00c3104.pdf
07aad06694380a37d6b111c332bab665, 99694, https://github.com/vallejocc/Malware-Analysis-Reports/blob/master/TrojanSpy/Skeeyah_Microsoft/07aad06694380a37d6b111c332bab665.pdf
141029557080dff6527898437cde1949, 145427, https://github.com/vallejocc/Malware-Analysis-Reports/blob/master/TrojanSpy/Ursnif_Microsoft/141029557080dff6527898437cde1949.pdf
72a98e228b8f07fc7a31bee37e2dcd25, 318305, https://github.com/vallejocc/Malware-Analysis-Reports/blob/master/TrojanSpy/Ursnif_Microsoft/72a98e228b8f07fc7a31bee37e2dcd25.pdf
78f0274f553ff2ed53f07185c18e5a2f, 376884, https://github.com/vallejocc/Malware-Analysis-Reports/blob/master/TrojanSpy/Ursnif_Microsoft/78f0274f553ff2ed53f07185c18e5a2f.pdf
a8f7967950dc44824d0e161e33e4bbd2, 134492, https://github.com/vallejocc/Malware-Analysis-Reports/blob/master/TrojanSpy/Ursnif_Microsoft/a8f7967950dc44824d0e161e33e4bbd2.pdf
b71cb80396c311a1e5216685ade351da, 480462, https://github.com/vallejocc/Malware-Analysis-Reports/blob/master/TrojanSpy/Yakbeex_Microsoft/b71cb80396c311a1e5216685ade351da.pdf
02761d53d5dfbb71175f4e0e7bb4912b, 400493, https://github.com/vallejocc/Malware-Analysis-Reports/blob/master/unknown_malware_type/unknown_family/02761d53d5dfbb71175f4e0e7bb4912b.pdf
027e11e204a0f33593dabec72afb9a66, 422643, https://github.com/vallejocc/Malware-Analysis-Reports/blob/master/unknown_malware_type/unknown_family/027e11e204a0f33593dabec72afb9a66.pdf
06b8b23e84ab966e763136d2097ab9f9, 83113, https://github.com/vallejocc/Malware-Analysis-Reports/blob/master/unknown_malware_type/unknown_family/06b8b23e84ab966e763136d2097ab9f9.pdf
085f79eb12ae23cd34fac525c4697b43, 310028, https://github.com/vallejocc/Malware-Analysis-Reports/blob/master/unknown_malware_type/unknown_family/085f79eb12ae23cd34fac525c4697b43.pdf
0c0cce1dbd336bb984b6bb5f2bd64afa, 204016, https://github.com/vallejocc/Malware-Analysis-Reports/blob/master/unknown_malware_type/unknown_family/0c0cce1dbd336bb984b6bb5f2bd64afa.pdf
14710ba67c11fb09b909088952bde344, 97173, https://github.com/vallejocc/Malware-Analysis-Reports/blob/master/unknown_malware_type/unknown_family/14710ba67c11fb09b909088952bde344.pdf
1ace8128cfa67e825635012b2cf705a9, 209138, https://github.com/vallejocc/Malware-Analysis-Reports/blob/master/unknown_malware_type/unknown_family/1ace8128cfa67e825635012b2cf705a9.pdf
217323d234f1aa9e97c97c6b5ad062b1, 2106584, https://github.com/vallejocc/Malware-Analysis-Reports/blob/master/unknown_malware_type/unknown_family/217323d234f1aa9e97c97c6b5ad062b1.pdf
265460caeb5195d4140a98403dc671a9, 690912, https://github.com/vallejocc/Malware-Analysis-Reports/blob/master/unknown_malware_type/unknown_family/265460caeb5195d4140a98403dc671a9.pdf
34607448551e6435e2404fda975aa513, 122871, https://github.com/vallejocc/Malware-Analysis-Reports/blob/master/unknown_malware_type/unknown_family/34607448551e6435e2404fda975aa513.pdf
39e360c8b8d0a9be23a41aa8ab12354a, 131910, https://github.com/vallejocc/Malware-Analysis-Reports/blob/master/unknown_malware_type/unknown_family/39e360c8b8d0a9be23a41aa8ab12354a.pdf
3e188e6b8cfc28c207d5c7ac2275e2e0, 99808, https://github.com/vallejocc/Malware-Analysis-Reports/blob/master/unknown_malware_type/unknown_family/3e188e6b8cfc28c207d5c7ac2275e2e0.pdf
42badc1d2f03a8b1e4875740d3d49336, 134812, https://github.com/vallejocc/Malware-Analysis-Reports/blob/master/unknown_malware_type/unknown_family/42badc1d2f03a8b1e4875740d3d49336.pdf
432d2766a8722fc963e3ebd112f643bf, 297275, https://github.com/vallejocc/Malware-Analysis-Reports/blob/master/unknown_malware_type/unknown_family/432d2766a8722fc963e3ebd112f643bf.pdf
493b0f9d8d8b23b1fa8afb2021e9aa29, 133331, https://github.com/vallejocc/Malware-Analysis-Reports/blob/master/unknown_malware_type/unknown_family/493b0f9d8d8b23b1fa8afb2021e9aa29.pdf
4f851a9c8d9717ed4f172e6b3527a8b2, 346128, https://github.com/vallejocc/Malware-Analysis-Reports/blob/master/unknown_malware_type/unknown_family/4f851a9c8d9717ed4f172e6b3527a8b2.pdf
51e1aa1ca3465f831017b09d12fc2be1, 404954, https://github.com/vallejocc/Malware-Analysis-Reports/blob/master/unknown_malware_type/unknown_family/51e1aa1ca3465f831017b09d12fc2be1.pdf
5604c791be38982fc20581254d47768c, 192333, https://github.com/vallejocc/Malware-Analysis-Reports/blob/master/unknown_malware_type/unknown_family/5604c791be38982fc20581254d47768c.pdf
5b5dfe97bca31c58ff19892b55f6fe38, 405998, https://github.com/vallejocc/Malware-Analysis-Reports/blob/master/unknown_malware_type/unknown_family/5b5dfe97bca31c58ff19892b55f6fe38.pdf
6cfee3e546359d7a9de0928f175bc030, 131081, https://github.com/vallejocc/Malware-Analysis-Reports/blob/master/unknown_malware_type/unknown_family/6cfee3e546359d7a9de0928f175bc030.pdf
70a412b2cd6ff300d2f1189adf62a8f3, 127458, https://github.com/vallejocc/Malware-Analysis-Reports/blob/master/unknown_malware_type/unknown_family/70a412b2cd6ff300d2f1189adf62a8f3.pdf
7669bf35e921b58b4405638aa05ca40c, 627709, https://github.com/vallejocc/Malware-Analysis-Reports/blob/master/unknown_malware_type/unknown_family/7669bf35e921b58b4405638aa05ca40c.pdf
76a6727c616471420f1a939576ba5013, 56001, https://github.com/vallejocc/Malware-Analysis-Reports/blob/master/unknown_malware_type/unknown_family/76a6727c616471420f1a939576ba5013.pdf
7ebf3823fe59d260c541db2186bf6e11, 352593, https://github.com/vallejocc/Malware-Analysis-Reports/blob/master/unknown_malware_type/unknown_family/7ebf3823fe59d260c541db2186bf6e11.pdf
7f42519bdf98561b1a4dc86225cc01ce, 237329, https://github.com/vallejocc/Malware-Analysis-Reports/blob/master/unknown_malware_type/unknown_family/7f42519bdf98561b1a4dc86225cc01ce.pdf
89d3bf00161b6f0a2b003e31bf9b6cad, 89266, https://github.com/vallejocc/Malware-Analysis-Reports/blob/master/unknown_malware_type/unknown_family/89d3bf00161b6f0a2b003e31bf9b6cad.pdf
90022a9443c09f2ea3fa7da1bf328ecd, 149746, https://github.com/vallejocc/Malware-Analysis-Reports/blob/master/unknown_malware_type/unknown_family/90022a9443c09f2ea3fa7da1bf328ecd.pdf
97ac043684013ee7e5dac331a4e974a0, 99688, https://github.com/vallejocc/Malware-Analysis-Reports/blob/master/unknown_malware_type/unknown_family/97ac043684013ee7e5dac331a4e974a0.pdf
9ac48a7d86e4771ebf5bd1f27649f570, 178117, https://github.com/vallejocc/Malware-Analysis-Reports/blob/master/unknown_malware_type/unknown_family/9ac48a7d86e4771ebf5bd1f27649f570.pdf
9b0211d6a89b7d3d07e421bd5504ace9, 241479, https://github.com/vallejocc/Malware-Analysis-Reports/blob/master/unknown_malware_type/unknown_family/9b0211d6a89b7d3d07e421bd5504ace9.pdf
9b87b57b1af40085f25972bde9dee758, 204062, https://github.com/vallejocc/Malware-Analysis-Reports/blob/master/unknown_malware_type/unknown_family/9b87b57b1af40085f25972bde9dee758.pdf
a7770c1d7fd194a56efb09e23e37ac3e, 501461, https://github.com/vallejocc/Malware-Analysis-Reports/blob/master/unknown_malware_type/unknown_family/a7770c1d7fd194a56efb09e23e37ac3e.pdf
aaf1828d61f9ea0717f99f7c3a55e1ff, 130666, https://github.com/vallejocc/Malware-Analysis-Reports/blob/master/unknown_malware_type/unknown_family/aaf1828d61f9ea0717f99f7c3a55e1ff.pdf
ad84526df3196101de9e54240710c3dd, 290904, https://github.com/vallejocc/Malware-Analysis-Reports/blob/master/unknown_malware_type/unknown_family/ad84526df3196101de9e54240710c3dd.pdf
b20e3dd15010384dba9bbb4edba9ff64, 99332, https://github.com/vallejocc/Malware-Analysis-Reports/blob/master/unknown_malware_type/unknown_family/b20e3dd15010384dba9bbb4edba9ff64.pdf
b74eca8f796e227a18f2af9dd64c9fd7, 239852, https://github.com/vallejocc/Malware-Analysis-Reports/blob/master/unknown_malware_type/unknown_family/b74eca8f796e227a18f2af9dd64c9fd7.pdf
c365c4b6e651034daaebd4363efa4b0f, 124128, https://github.com/vallejocc/Malware-Analysis-Reports/blob/master/unknown_malware_type/unknown_family/c365c4b6e651034daaebd4363efa4b0f.pdf
ccac5562063fd4092840682a3379c09c, 249184, https://github.com/vallejocc/Malware-Analysis-Reports/blob/master/unknown_malware_type/unknown_family/ccac5562063fd4092840682a3379c09c.pdf
ccdcdd4c1fd9222b020b762a6251f555, 225198, https://github.com/vallejocc/Malware-Analysis-Reports/blob/master/unknown_malware_type/unknown_family/ccdcdd4c1fd9222b020b762a6251f555.pdf
d20202de7906bc93f8447ebd396aeb5a, 102028, https://github.com/vallejocc/Malware-Analysis-Reports/blob/master/unknown_malware_type/unknown_family/d20202de7906bc93f8447ebd396aeb5a.pdf
d9943e79757820bf9991a61bd6f24566, 175483, https://github.com/vallejocc/Malware-Analysis-Reports/blob/master/unknown_malware_type/unknown_family/d9943e79757820bf9991a61bd6f24566.pdf
dcc116778f365633d18f0c675f71b3be, 128409, https://github.com/vallejocc/Malware-Analysis-Reports/blob/master/unknown_malware_type/unknown_family/dcc116778f365633d18f0c675f71b3be.pdf
dee45d5c68e347debba867bbc97500db, 259040, https://github.com/vallejocc/Malware-Analysis-Reports/blob/master/unknown_malware_type/unknown_family/dee45d5c68e347debba867bbc97500db.pdf
e2332308b819cb492779af970ddc4b77, 302240, https://github.com/vallejocc/Malware-Analysis-Reports/blob/master/unknown_malware_type/unknown_family/e2332308b819cb492779af970ddc4b77.pdf
e6fd4a05baf1eeeb17ef1c3bf6451438, 217048, https://github.com/vallejocc/Malware-Analysis-Reports/blob/master/unknown_malware_type/unknown_family/e6fd4a05baf1eeeb17ef1c3bf6451438.pdf
e9844ff70293163fed9f6d7d5c157b66, 144111, https://github.com/vallejocc/Malware-Analysis-Reports/blob/master/unknown_malware_type/unknown_family/e9844ff70293163fed9f6d7d5c157b66.pdf
ee9ec3e175d9c4e460749297a3a2a0dc, 649519, https://github.com/vallejocc/Malware-Analysis-Reports/blob/master/unknown_malware_type/unknown_family/ee9ec3e175d9c4e460749297a3a2a0dc.pdf
a987017ffdee4de5ac20ee15b369e103, 147567, https://github.com/vallejocc/Malware-Analysis-Reports/blob/master/VirTool/CeeInject_Microsoft/a987017ffdee4de5ac20ee15b369e103.pdf
6f2b3fd69a91a967f21072f1992fe014, 73705, https://github.com/vallejocc/Malware-Analysis-Reports/blob/master/VirTool/Injector_Microsoft/6f2b3fd69a91a967f21072f1992fe014.pdf
806fc6d8ba45c4c82da48fc78de121cc, 89050, https://github.com/vallejocc/Malware-Analysis-Reports/blob/master/VirTool/Injector_Microsoft/806fc6d8ba45c4c82da48fc78de121cc.pdf
c209817538e86f5ea49fa6bd180dbf01, 180662, https://github.com/vallejocc/Malware-Analysis-Reports/blob/master/VirTool/Injector_Microsoft/c209817538e86f5ea49fa6bd180dbf01.pdf
16904a30936809caa2c88b9798bbfcf5, 58358, https://github.com/vallejocc/Malware-Analysis-Reports/blob/master/VirTool/VBInject_Microsoft/16904a30936809caa2c88b9798bbfcf5.pdf
3e85a611b1ed495ac9cf3746b13a07bf, 77275, https://github.com/vallejocc/Malware-Analysis-Reports/blob/master/VirTool/VBInject_Microsoft/3e85a611b1ed495ac9cf3746b13a07bf.pdf
8965e5db0b9257455a95ce8e9aa95652, 86155, https://github.com/vallejocc/Malware-Analysis-Reports/blob/master/VirTool/VBInject_Microsoft/8965e5db0b9257455a95ce8e9aa95652.pdf
c1a73ff8fb2836fe47bc095b622c6c50, 121833, https://github.com/vallejocc/Malware-Analysis-Reports/blob/master/VirTool/VBInject_Microsoft/c1a73ff8fb2836fe47bc095b622c6c50.pdf
2d24fec1308b71110bc717dd936af109, 250128, https://github.com/vallejocc/Malware-Analysis-Reports/blob/master/Virus/Ramnit_Microsoft/2d24fec1308b71110bc717dd936af109.pdf
b1bd4d45b2d60da8d0d60b3b15089286, 371132, https://github.com/vallejocc/Malware-Analysis-Reports/blob/master/Worm/Brontok@mm_Microsoft/b1bd4d45b2d60da8d0d60b3b15089286.pdf
4a497fdacf903dc19e9112f007505cf7, 128390, https://github.com/vallejocc/Malware-Analysis-Reports/blob/master/Worm/Gamarue_Microsoft/4a497fdacf903dc19e9112f007505cf7.pdf
4c41cb58c39fe8756d44f8c1a5231f3a, 118485, https://github.com/vallejocc/Malware-Analysis-Reports/blob/master/Worm/Gamarue_Microsoft/4c41cb58c39fe8756d44f8c1a5231f3a.pdf
f7d45793226820996c9b3642f644bebb, 310576, https://github.com/vallejocc/Malware-Analysis-Reports/blob/master/Worm/Gamarue_Microsoft/f7d45793226820996c9b3642f644bebb.pdf
