size, md5, path
2106584, 217323d234f1aa9e97c97c6b5ad062b1, https://github.com/vallejocc/Malware-Analysis-Reports/blob/master/unknown_malware_type/unknown_family/217323d234f1aa9e97c97c6b5ad062b1.pdf
1932447, 8e471baff3f71aa0c05118cb8a177e19, https://github.com/vallejocc/Malware-Analysis-Reports/blob/master/Ransom/Cerber_Microsoft/8e471baff3f71aa0c05118cb8a177e19.pdf
1736154, aba2d86ed17f587eb6d57e6c75f64f05, https://github.com/vallejocc/Malware-Analysis-Reports/blob/master/Trojan/CoinMiner_Microsoft/aba2d86ed17f587eb6d57e6c75f64f05.pdf
1197575, f1db409bf1ff8f356cffb4a5546c34a4, https://github.com/vallejocc/Malware-Analysis-Reports/blob/master/Trojan/Gen_Symantec/f1db409bf1ff8f356cffb4a5546c34a4.pdf
1148735, 6b422988b8b66e54e68f110c64914744, https://github.com/vallejocc/Malware-Analysis-Reports/blob/master/Trojan/Gen_Symantec/6b422988b8b66e54e68f110c64914744.pdf
1112987, 495e9010a58034e88cb9c60b876a4750, https://github.com/vallejocc/Malware-Analysis-Reports/blob/master/Trojan/Swrort_Microsoft/495e9010a58034e88cb9c60b876a4750.pdf
965526, 31d5f481153ccd2829558720f8d90d81, https://github.com/vallejocc/Malware-Analysis-Reports/blob/master/Trojan/Gen_Symantec/31d5f481153ccd2829558720f8d90d81.pdf
692838, bc09a38b81d68c71a3bb7ee1e972e255, https://github.com/vallejocc/Malware-Analysis-Reports/blob/master/TrojanSpy/Banker_Microsoft/bc09a38b81d68c71a3bb7ee1e972e255.pdf
690912, 265460caeb5195d4140a98403dc671a9, https://github.com/vallejocc/Malware-Analysis-Reports/blob/master/unknown_malware_type/unknown_family/265460caeb5195d4140a98403dc671a9.pdf
649519, ee9ec3e175d9c4e460749297a3a2a0dc, https://github.com/vallejocc/Malware-Analysis-Reports/blob/master/unknown_malware_type/unknown_family/ee9ec3e175d9c4e460749297a3a2a0dc.pdf
627709, 7669bf35e921b58b4405638aa05ca40c, https://github.com/vallejocc/Malware-Analysis-Reports/blob/master/unknown_malware_type/unknown_family/7669bf35e921b58b4405638aa05ca40c.pdf
623166, f65be5a2e77ca25ebfdf22ea41db4747, https://github.com/vallejocc/Malware-Analysis-Reports/blob/master/Trojan/Dynamer_Microsoft/f65be5a2e77ca25ebfdf22ea41db4747.pdf
555575, ccc77d6b955172a89be82ff2a3f86ccd, https://github.com/vallejocc/Malware-Analysis-Reports/blob/master/Trojan/Dynamer_Microsoft/ccc77d6b955172a89be82ff2a3f86ccd.pdf
514632, 091a2ddaa69c928786bf5173d86757d7, https://github.com/vallejocc/Malware-Analysis-Reports/blob/master/Trojan/Dynamer_Microsoft/091a2ddaa69c928786bf5173d86757d7.pdf
503036, 0d3fc3b53e13ae1b9fca27df49997b13, https://github.com/vallejocc/Malware-Analysis-Reports/blob/master/Ransom/Cerber_Symantec/0d3fc3b53e13ae1b9fca27df49997b13.pdf
501461, a7770c1d7fd194a56efb09e23e37ac3e, https://github.com/vallejocc/Malware-Analysis-Reports/blob/master/unknown_malware_type/unknown_family/a7770c1d7fd194a56efb09e23e37ac3e.pdf
499189, c99e4a54212a76a06b5320e4cf97663a, https://github.com/vallejocc/Malware-Analysis-Reports/blob/master/Trojan/Gen_Symantec/c99e4a54212a76a06b5320e4cf97663a.pdf
490987, 086ca0d2e06f7cf7c15f0f74bc6db518, https://github.com/vallejocc/Malware-Analysis-Reports/blob/master/Trojan/Gen_Symantec/086ca0d2e06f7cf7c15f0f74bc6db518.pdf
485052, b3aa7897f91d154448ca43c228ae7a8e, https://github.com/vallejocc/Malware-Analysis-Reports/blob/master/Trojan/Gen_Symantec/b3aa7897f91d154448ca43c228ae7a8e.pdf
484824, bde29dee841faf6a084a57bcc7bf4513, https://github.com/vallejocc/Malware-Analysis-Reports/blob/master/Trojan/Gen_Symantec/bde29dee841faf6a084a57bcc7bf4513.pdf
480462, b71cb80396c311a1e5216685ade351da, https://github.com/vallejocc/Malware-Analysis-Reports/blob/master/TrojanSpy/Yakbeex_Microsoft/b71cb80396c311a1e5216685ade351da.pdf
430136, 87c74ddab0fba599a7fcd001e510ddde, https://github.com/vallejocc/Malware-Analysis-Reports/blob/master/Trojan/Gen_Symantec/87c74ddab0fba599a7fcd001e510ddde.pdf
422643, 027e11e204a0f33593dabec72afb9a66, https://github.com/vallejocc/Malware-Analysis-Reports/blob/master/unknown_malware_type/unknown_family/027e11e204a0f33593dabec72afb9a66.pdf
415603, ac79e347287414d4b16d5de3086e2104, https://github.com/vallejocc/Malware-Analysis-Reports/blob/master/PWS/Zbot_Microsoft/ac79e347287414d4b16d5de3086e2104.pdf
413159, 645a229bfa994e79286537ea8f0c9381, https://github.com/vallejocc/Malware-Analysis-Reports/blob/master/Trojan/Totbrick_Microsoft/645a229bfa994e79286537ea8f0c9381.pdf
410043, 04df6fbf31c412deecc7753a1ed3f9f1, https://github.com/vallejocc/Malware-Analysis-Reports/blob/master/Trojan/Totbrick_Microsoft/04df6fbf31c412deecc7753a1ed3f9f1.pdf
409834, 143b01d3edc77ed82c5e5a4ae4d92b5a, https://github.com/vallejocc/Malware-Analysis-Reports/blob/master/Trojan/Totbrick_Microsoft/143b01d3edc77ed82c5e5a4ae4d92b5a.pdf
400493, 02761d53d5dfbb71175f4e0e7bb4912b, https://github.com/vallejocc/Malware-Analysis-Reports/blob/master/unknown_malware_type/unknown_family/02761d53d5dfbb71175f4e0e7bb4912b.pdf
393767, feb5e000f0e7ce005126632a9e53c602, https://github.com/vallejocc/Malware-Analysis-Reports/blob/master/Trojan/Skeeyah_Microsoft/feb5e000f0e7ce005126632a9e53c602.pdf
379214, 0ceb7d1b98e9edfefc095d704b468051, https://github.com/vallejocc/Malware-Analysis-Reports/blob/master/PWS/Fareit_Microsoft/0ceb7d1b98e9edfefc095d704b468051.pdf
376884, 78f0274f553ff2ed53f07185c18e5a2f, https://github.com/vallejocc/Malware-Analysis-Reports/blob/master/TrojanSpy/Ursnif_Microsoft/78f0274f553ff2ed53f07185c18e5a2f.pdf
376085, 43129013595430880baadd6245fa689d, https://github.com/vallejocc/Malware-Analysis-Reports/blob/master/Trojan/Neurevt_Microsoft/43129013595430880baadd6245fa689d.pdf
371132, b1bd4d45b2d60da8d0d60b3b15089286, https://github.com/vallejocc/Malware-Analysis-Reports/blob/master/Worm/Brontok@mm_Microsoft/b1bd4d45b2d60da8d0d60b3b15089286.pdf
352593, 7ebf3823fe59d260c541db2186bf6e11, https://github.com/vallejocc/Malware-Analysis-Reports/blob/master/unknown_malware_type/unknown_family/7ebf3823fe59d260c541db2186bf6e11.pdf
352383, e7fbf16c51801aee302ca4309eeddeff, https://github.com/vallejocc/Malware-Analysis-Reports/blob/master/Ransom/Cerber_Symantec/e7fbf16c51801aee302ca4309eeddeff.pdf
351878, 1d08a2c828495c9676bf09d7bfe39c35, https://github.com/vallejocc/Malware-Analysis-Reports/blob/master/PWS/Fareit_Microsoft/1d08a2c828495c9676bf09d7bfe39c35.pdf
346128, 4f851a9c8d9717ed4f172e6b3527a8b2, https://github.com/vallejocc/Malware-Analysis-Reports/blob/master/unknown_malware_type/unknown_family/4f851a9c8d9717ed4f172e6b3527a8b2.pdf
340328, 2bfea87b2cdd9ea034771dc613950f79, https://github.com/vallejocc/Malware-Analysis-Reports/blob/master/Trojan/Gen_Symantec/2bfea87b2cdd9ea034771dc613950f79.pdf
340077, b024717d8da278335bc45003d51cc2ae, https://github.com/vallejocc/Malware-Analysis-Reports/blob/master/SecurityRisk/gen1_Symantec/b024717d8da278335bc45003d51cc2ae.pdf
335833, 4b11957c0d6fcc026118f0b5770bcdc2, https://github.com/vallejocc/Malware-Analysis-Reports/blob/master/PWS/Primarypass_Microsoft/4b11957c0d6fcc026118f0b5770bcdc2.pdf
330777, 4ce10eb6eba6217ebde4017ee9fb5489, https://github.com/vallejocc/Malware-Analysis-Reports/blob/master/Ransom/Troldesh_Microsoft/4ce10eb6eba6217ebde4017ee9fb5489.pdf
327789, 9cdc119626ab6b94073c2f1c45f93528, https://github.com/vallejocc/Malware-Analysis-Reports/blob/master/Ransom/Troldesh_Symantec/9cdc119626ab6b94073c2f1c45f93528.pdf
325363, a30f5a86ae2b3dc9e081d49b5e164592, https://github.com/vallejocc/Malware-Analysis-Reports/blob/master/ML/Attribute_Symantec/a30f5a86ae2b3dc9e081d49b5e164592.pdf
321471, 0ac39ee46f5ac730efdc8524a0f6555b, https://github.com/vallejocc/Malware-Analysis-Reports/blob/master/Trojan/Kovter_Microsoft/0ac39ee46f5ac730efdc8524a0f6555b.pdf
320677, bd97419fa2461678074495c0c0df3abf, https://github.com/vallejocc/Malware-Analysis-Reports/blob/master/Trojan/Skeeyah_Microsoft/bd97419fa2461678074495c0c0df3abf.pdf
319029, d5cba842097fefd023ee19c8de166b93, https://github.com/vallejocc/Malware-Analysis-Reports/blob/master/Trojan/Kovter_Microsoft/d5cba842097fefd023ee19c8de166b93.pdf
318305, 72a98e228b8f07fc7a31bee37e2dcd25, https://github.com/vallejocc/Malware-Analysis-Reports/blob/master/TrojanSpy/Ursnif_Microsoft/72a98e228b8f07fc7a31bee37e2dcd25.pdf
317350, 2a87111d3653b719433d65398737df32, https://github.com/vallejocc/Malware-Analysis-Reports/blob/master/Trojan/Kovter_Microsoft/2a87111d3653b719433d65398737df32.pdf
311388, 39d568d2e12d7c505c2e327f51d185b6, https://github.com/vallejocc/Malware-Analysis-Reports/blob/master/Trojan/Kovter_Microsoft/39d568d2e12d7c505c2e327f51d185b6.pdf
310576, f7d45793226820996c9b3642f644bebb, https://github.com/vallejocc/Malware-Analysis-Reports/blob/master/Worm/Gamarue_Microsoft/f7d45793226820996c9b3642f644bebb.pdf
310028, 085f79eb12ae23cd34fac525c4697b43, https://github.com/vallejocc/Malware-Analysis-Reports/blob/master/unknown_malware_type/unknown_family/085f79eb12ae23cd34fac525c4697b43.pdf
309548, a30713271c6b283c39aeeba45c37adcf, https://github.com/vallejocc/Malware-Analysis-Reports/blob/master/Trojan/Mupad_Microsoft/a30713271c6b283c39aeeba45c37adcf.pdf
308598, 8a916ce8bac56ad0cc040507f70dccf2, https://github.com/vallejocc/Malware-Analysis-Reports/blob/master/Backdoor/Vawtrak_Microsoft/8a916ce8bac56ad0cc040507f70dccf2.pdf
308278, 9a7cdaa03694f902efe4c939fa6a3a82, https://github.com/vallejocc/Malware-Analysis-Reports/blob/master/Trojan/Kovter_Microsoft/9a7cdaa03694f902efe4c939fa6a3a82.pdf
307443, 3f6cbe3089754d19ef26472c963d6472, https://github.com/vallejocc/Malware-Analysis-Reports/blob/master/Trojan/Gen_Symantec/3f6cbe3089754d19ef26472c963d6472.pdf
307287, 6ca8c6425d27f6e63aac6f979f9e948e, https://github.com/vallejocc/Malware-Analysis-Reports/blob/master/TrojanSpy/Banker_Microsoft/6ca8c6425d27f6e63aac6f979f9e948e.pdf
306801, cad8dc092a9153487478765c609c8dc4, https://github.com/vallejocc/Malware-Analysis-Reports/blob/master/ML/Attribute_Symantec/cad8dc092a9153487478765c609c8dc4.pdf
305992, 0f1c27f6aa9c909d28633944a53dd24e, https://github.com/vallejocc/Malware-Analysis-Reports/blob/master/ML/Attribute_Symantec/0f1c27f6aa9c909d28633944a53dd24e.pdf
304742, 6ff19197ebb693d74bf533ce456a079c, https://github.com/vallejocc/Malware-Analysis-Reports/blob/master/Trojan/Kovter_Microsoft/6ff19197ebb693d74bf533ce456a079c.pdf
304563, ed3e677d36ab794e7929dd3e6f065c1d, https://github.com/vallejocc/Malware-Analysis-Reports/blob/master/Trojan/Kovter_Microsoft/ed3e677d36ab794e7929dd3e6f065c1d.pdf
302240, e2332308b819cb492779af970ddc4b77, https://github.com/vallejocc/Malware-Analysis-Reports/blob/master/unknown_malware_type/unknown_family/e2332308b819cb492779af970ddc4b77.pdf
299240, decda1bd9d1784e422dbd0137be7c545, https://github.com/vallejocc/Malware-Analysis-Reports/blob/master/Trojan/Dynamer_Microsoft/decda1bd9d1784e422dbd0137be7c545.pdf
299107, 356829d2513a783404d4392ad75e8bc1, https://github.com/vallejocc/Malware-Analysis-Reports/blob/master/ML/Attribute_Symantec/356829d2513a783404d4392ad75e8bc1.pdf
297804, f4be724e1352f12c15f203be39bf4dd9, https://github.com/vallejocc/Malware-Analysis-Reports/blob/master/Trojan/Kovter_Microsoft/f4be724e1352f12c15f203be39bf4dd9.pdf
297275, 432d2766a8722fc963e3ebd112f643bf, https://github.com/vallejocc/Malware-Analysis-Reports/blob/master/unknown_malware_type/unknown_family/432d2766a8722fc963e3ebd112f643bf.pdf
296696, 14ffdcecdd3c6056460cc622fef3b061, https://github.com/vallejocc/Malware-Analysis-Reports/blob/master/Trojan/Totbrick_Microsoft/14ffdcecdd3c6056460cc622fef3b061.pdf
296634, 2362ee2936020a765497255761fc8478, https://github.com/vallejocc/Malware-Analysis-Reports/blob/master/Trojan/Kovter_Microsoft/2362ee2936020a765497255761fc8478.pdf
293555, 1e6c3cfac9915c307a471e29895a297d, https://github.com/vallejocc/Malware-Analysis-Reports/blob/master/BrowserModifier/Qiwmonk_Microsoft/1e6c3cfac9915c307a471e29895a297d.pdf
290904, ad84526df3196101de9e54240710c3dd, https://github.com/vallejocc/Malware-Analysis-Reports/blob/master/unknown_malware_type/unknown_family/ad84526df3196101de9e54240710c3dd.pdf
289414, f20eba276bd61a0602ef81ab64de261e, https://github.com/vallejocc/Malware-Analysis-Reports/blob/master/BrowserModifier/Qiwmonk_Microsoft/f20eba276bd61a0602ef81ab64de261e.pdf
286017, 2236aeb7f5985071cee2b60b264cd8e8, https://github.com/vallejocc/Malware-Analysis-Reports/blob/master/Ransom/Troldesh_Microsoft/2236aeb7f5985071cee2b60b264cd8e8.pdf
285757, fc1ca6fd7b60e3946477dc32f64ae886, https://github.com/vallejocc/Malware-Analysis-Reports/blob/master/ML/Attribute_Symantec/fc1ca6fd7b60e3946477dc32f64ae886.pdf
278708, 60f3ede7ba4d3b1f815d94ce152c4756, https://github.com/vallejocc/Malware-Analysis-Reports/blob/master/Ransom/Troldesh_Microsoft/60f3ede7ba4d3b1f815d94ce152c4756.pdf
275861, 32064192b68aa541e906549fb8d19130, https://github.com/vallejocc/Malware-Analysis-Reports/blob/master/Trojan/Gen_Symantec/32064192b68aa541e906549fb8d19130.pdf
263035, 763578b979b570fc5e9d7bbaa7554d0b, https://github.com/vallejocc/Malware-Analysis-Reports/blob/master/Trojan/Derbit_Microsoft/763578b979b570fc5e9d7bbaa7554d0b.pdf
259040, dee45d5c68e347debba867bbc97500db, https://github.com/vallejocc/Malware-Analysis-Reports/blob/master/unknown_malware_type/unknown_family/dee45d5c68e347debba867bbc97500db.pdf
257236, d14410c3d9eb271590b8c729fdc049ef, https://github.com/vallejocc/Malware-Analysis-Reports/blob/master/Trojan/Emotet_Microsoft/d14410c3d9eb271590b8c729fdc049ef.pdf
250128, 2d24fec1308b71110bc717dd936af109, https://github.com/vallejocc/Malware-Analysis-Reports/blob/master/Virus/Ramnit_Microsoft/2d24fec1308b71110bc717dd936af109.pdf
249184, ccac5562063fd4092840682a3379c09c, https://github.com/vallejocc/Malware-Analysis-Reports/blob/master/unknown_malware_type/unknown_family/ccac5562063fd4092840682a3379c09c.pdf
248602, 0d5d93e530233bfffa6893c8d9eccecb, https://github.com/vallejocc/Malware-Analysis-Reports/blob/master/Trojan/Gen_Symantec/0d5d93e530233bfffa6893c8d9eccecb.pdf
248218, e6f9da9a6ca6867b3afe83d9707cebd9, https://github.com/vallejocc/Malware-Analysis-Reports/blob/master/Trojan/Dynamer_Microsoft/e6f9da9a6ca6867b3afe83d9707cebd9.pdf
248028, 3b8c2b7ca38835f13ea65710759449f3, https://github.com/vallejocc/Malware-Analysis-Reports/blob/master/TrojanDownloader/Dofoil_Microsoft/3b8c2b7ca38835f13ea65710759449f3.pdf
247883, 7a4b785cc67a8d94e8f64b2897fce7e1, https://github.com/vallejocc/Malware-Analysis-Reports/blob/master/Ransom/Cerber_Microsoft/7a4b785cc67a8d94e8f64b2897fce7e1.pdf
247208, b594008c2cf42836ede1017aaa2d2472, https://github.com/vallejocc/Malware-Analysis-Reports/blob/master/Ransom/Firecerb_Microsoft/b594008c2cf42836ede1017aaa2d2472.pdf
247078, 4a247304688d6465c84227fddd102518, https://github.com/vallejocc/Malware-Analysis-Reports/blob/master/Ransom/Firecerb_Microsoft/4a247304688d6465c84227fddd102518.pdf
246981, 82b8ee94dca6a495e41c3113ecf9c801, https://github.com/vallejocc/Malware-Analysis-Reports/blob/master/Ransom/Firecerb_Microsoft/82b8ee94dca6a495e41c3113ecf9c801.pdf
243378, 8d862250a2e0cd43f66cd6b13d0c83b9, https://github.com/vallejocc/Malware-Analysis-Reports/blob/master/Trojan/Smoaler_Symantec/8d862250a2e0cd43f66cd6b13d0c83b9.pdf
243095, 6d464630b982f99079cbd4091ed32e51, https://github.com/vallejocc/Malware-Analysis-Reports/blob/master/ML/Attribute_Symantec/6d464630b982f99079cbd4091ed32e51.pdf
241479, 9b0211d6a89b7d3d07e421bd5504ace9, https://github.com/vallejocc/Malware-Analysis-Reports/blob/master/unknown_malware_type/unknown_family/9b0211d6a89b7d3d07e421bd5504ace9.pdf
240488, faab4e23a5876e096f6869c8fad14860, https://github.com/vallejocc/Malware-Analysis-Reports/blob/master/TrojanDownloader/Dofoil_Microsoft/faab4e23a5876e096f6869c8fad14860.pdf
240479, 7cf3a584198ef3744b9255f2a9957332, https://github.com/vallejocc/Malware-Analysis-Reports/blob/master/Ransom/Firecerb_Microsoft/7cf3a584198ef3744b9255f2a9957332.pdf
239852, b74eca8f796e227a18f2af9dd64c9fd7, https://github.com/vallejocc/Malware-Analysis-Reports/blob/master/unknown_malware_type/unknown_family/b74eca8f796e227a18f2af9dd64c9fd7.pdf
239371, 31963075abec1ca51a7c8416baf097f2, https://github.com/vallejocc/Malware-Analysis-Reports/blob/master/Trojan/Injeber_Microsoft/31963075abec1ca51a7c8416baf097f2.pdf
237329, 7f42519bdf98561b1a4dc86225cc01ce, https://github.com/vallejocc/Malware-Analysis-Reports/blob/master/unknown_malware_type/unknown_family/7f42519bdf98561b1a4dc86225cc01ce.pdf
232270, 3aa3cdbcc32f71d4bda8acdfb2934d77, https://github.com/vallejocc/Malware-Analysis-Reports/blob/master/Trojan/Gen_Symantec/3aa3cdbcc32f71d4bda8acdfb2934d77.pdf
231501, 2efe6c8ac85502b679fb4f7464fbfe8a, https://github.com/vallejocc/Malware-Analysis-Reports/blob/master/Spammer/Morphisil_Microsoft/2efe6c8ac85502b679fb4f7464fbfe8a.pdf
229447, c26c815817ee6146b04d1b48a0355678, https://github.com/vallejocc/Malware-Analysis-Reports/blob/master/Ransom/Locky_Microsoft/c26c815817ee6146b04d1b48a0355678.pdf
225198, ccdcdd4c1fd9222b020b762a6251f555, https://github.com/vallejocc/Malware-Analysis-Reports/blob/master/unknown_malware_type/unknown_family/ccdcdd4c1fd9222b020b762a6251f555.pdf
224480, a8c5cb77342d03d9fdfabd4a539ce6a1, https://github.com/vallejocc/Malware-Analysis-Reports/blob/master/Trojan/Dynamer_Microsoft/a8c5cb77342d03d9fdfabd4a539ce6a1.pdf
217399, 8dbea8adaa453765255ce03a45e7f9b8, https://github.com/vallejocc/Malware-Analysis-Reports/blob/master/Ransom/Cerber_Microsoft/8dbea8adaa453765255ce03a45e7f9b8.pdf
217048, e6fd4a05baf1eeeb17ef1c3bf6451438, https://github.com/vallejocc/Malware-Analysis-Reports/blob/master/unknown_malware_type/unknown_family/e6fd4a05baf1eeeb17ef1c3bf6451438.pdf
215104, df3ee045ee4d92f5a7772299651039f7, https://github.com/vallejocc/Malware-Analysis-Reports/blob/master/Trojan/Derbit_Microsoft/df3ee045ee4d92f5a7772299651039f7.pdf
213515, 288f7050c58681520be81ed406178a44, https://github.com/vallejocc/Malware-Analysis-Reports/blob/master/Trojan/Emotet_Microsoft/288f7050c58681520be81ed406178a44.pdf
210739, 72b7abbcc0fbde22b530ec49e792dc38, https://github.com/vallejocc/Malware-Analysis-Reports/blob/master/Trojan/Emotet_Microsoft/72b7abbcc0fbde22b530ec49e792dc38.pdf
209138, 1ace8128cfa67e825635012b2cf705a9, https://github.com/vallejocc/Malware-Analysis-Reports/blob/master/unknown_malware_type/unknown_family/1ace8128cfa67e825635012b2cf705a9.pdf
208156, b20334e7c635cca6bdb28c5404c2981e, https://github.com/vallejocc/Malware-Analysis-Reports/blob/master/Trojan/Emotet_Microsoft/b20334e7c635cca6bdb28c5404c2981e.pdf
207452, 6645a6f715c5b31dd377d4c883311b42, https://github.com/vallejocc/Malware-Analysis-Reports/blob/master/Trojan/Emotet_Microsoft/6645a6f715c5b31dd377d4c883311b42.pdf
207024, ac765e9809de73f444cd2cce04256dac, https://github.com/vallejocc/Malware-Analysis-Reports/blob/master/Trojan/Skeeyah_Microsoft/ac765e9809de73f444cd2cce04256dac.pdf
206897, 0577f53f331507307cf6791a3f4bc1fe, https://github.com/vallejocc/Malware-Analysis-Reports/blob/master/Trojan/Emotet_Microsoft/0577f53f331507307cf6791a3f4bc1fe.pdf
205191, 4c890e542cf20d22f242a66512465674, https://github.com/vallejocc/Malware-Analysis-Reports/blob/master/Trojan/Mupad_Microsoft/4c890e542cf20d22f242a66512465674.pdf
204612, a66f003e811572eeba6728c1b12439c3, https://github.com/vallejocc/Malware-Analysis-Reports/blob/master/Ransom/Troldesh_Microsoft/a66f003e811572eeba6728c1b12439c3.pdf
204062, 9b87b57b1af40085f25972bde9dee758, https://github.com/vallejocc/Malware-Analysis-Reports/blob/master/unknown_malware_type/unknown_family/9b87b57b1af40085f25972bde9dee758.pdf
204016, 0c0cce1dbd336bb984b6bb5f2bd64afa, https://github.com/vallejocc/Malware-Analysis-Reports/blob/master/unknown_malware_type/unknown_family/0c0cce1dbd336bb984b6bb5f2bd64afa.pdf
202799, 8a67edc8b9a478405f78ceb7f46a615e, https://github.com/vallejocc/Malware-Analysis-Reports/blob/master/Trojan/Gen_Symantec/8a67edc8b9a478405f78ceb7f46a615e.pdf
200725, 859ebc8ba60e79eb3778619cd904881d, https://github.com/vallejocc/Malware-Analysis-Reports/blob/master/Trojan/Emotet_Microsoft/859ebc8ba60e79eb3778619cd904881d.pdf
198495, 31ac365b46ff51f23c5bff025a653ad7, https://github.com/vallejocc/Malware-Analysis-Reports/blob/master/Trojan/Emotet_Microsoft/31ac365b46ff51f23c5bff025a653ad7.pdf
197104, 6bc76ea071b9a23bef03c3cf7f06f4b6, https://github.com/vallejocc/Malware-Analysis-Reports/blob/master/TrojanSpy/Banker_Microsoft/6bc76ea071b9a23bef03c3cf7f06f4b6.pdf
192333, 5604c791be38982fc20581254d47768c, https://github.com/vallejocc/Malware-Analysis-Reports/blob/master/unknown_malware_type/unknown_family/5604c791be38982fc20581254d47768c.pdf
185710, 018fca033e5628d1d3a2f0aa2a9c6621, https://github.com/vallejocc/Malware-Analysis-Reports/blob/master/Ransom/Stampado_Microsoft/018fca033e5628d1d3a2f0aa2a9c6621.pdf
181052, 55bfb2858c58065bac49c67024ddc3cd, https://github.com/vallejocc/Malware-Analysis-Reports/blob/master/Trojan/Dynamer_Microsoft/55bfb2858c58065bac49c67024ddc3cd.pdf
178935, 2554366b2ba376f99e889708aebe9266, https://github.com/vallejocc/Malware-Analysis-Reports/blob/master/BrowserModifier/Xiazai_Microsoft/2554366b2ba376f99e889708aebe9266.pdf
178117, 9ac48a7d86e4771ebf5bd1f27649f570, https://github.com/vallejocc/Malware-Analysis-Reports/blob/master/unknown_malware_type/unknown_family/9ac48a7d86e4771ebf5bd1f27649f570.pdf
175483, d9943e79757820bf9991a61bd6f24566, https://github.com/vallejocc/Malware-Analysis-Reports/blob/master/unknown_malware_type/unknown_family/d9943e79757820bf9991a61bd6f24566.pdf
175296, 99095ba8ae7ada71c82061a1e92a9093, https://github.com/vallejocc/Malware-Analysis-Reports/blob/master/Trojan/Skeeyah_Microsoft/99095ba8ae7ada71c82061a1e92a9093.pdf
175222, 93000e5d62ebbb36500bf762c5bbc1ec, https://github.com/vallejocc/Malware-Analysis-Reports/blob/master/BrowserModifier/Xiazai_Microsoft/93000e5d62ebbb36500bf762c5bbc1ec.pdf
172571, 531eeb1a427111b2b79a7069085d8f2d, https://github.com/vallejocc/Malware-Analysis-Reports/blob/master/Trojan/Skeeyah_Microsoft/531eeb1a427111b2b79a7069085d8f2d.pdf
171005, 7eea81afdb7ab260064aea5dd5ac6531, https://github.com/vallejocc/Malware-Analysis-Reports/blob/master/Trojan/Ramnit_Microsoft/7eea81afdb7ab260064aea5dd5ac6531.pdf
166472, 31a4de4051927444e72fa15bb79d3bad, https://github.com/vallejocc/Malware-Analysis-Reports/blob/master/Ransom/Cerber_Microsoft/31a4de4051927444e72fa15bb79d3bad.pdf
165884, 29df6aaf6e10fabd28815f503a289bdc, https://github.com/vallejocc/Malware-Analysis-Reports/blob/master/Trojan/Dynamer_Microsoft/29df6aaf6e10fabd28815f503a289bdc.pdf
165797, 58c967f6d93748d0381d39f43081a84a, https://github.com/vallejocc/Malware-Analysis-Reports/blob/master/Trojan/Dynamer_Microsoft/58c967f6d93748d0381d39f43081a84a.pdf
165695, 364d3812320b624f0c5690b18d387f1f, https://github.com/vallejocc/Malware-Analysis-Reports/blob/master/Trojan/Nymaim_Symantec/364d3812320b624f0c5690b18d387f1f.pdf
163401, ebb32d517138a878dda41ada75051a6c, https://github.com/vallejocc/Malware-Analysis-Reports/blob/master/Backdoor/Bladabindi_Microsoft/ebb32d517138a878dda41ada75051a6c.pdf
160484, d4c3e289e5c2240b4bc06e344be6e5b6, https://github.com/vallejocc/Malware-Analysis-Reports/blob/master/Backdoor/Drixed_Microsoft/d4c3e289e5c2240b4bc06e344be6e5b6.pdf
159507, 0e6323a027ccd071be4f940dfaa4d8b7, https://github.com/vallejocc/Malware-Analysis-Reports/blob/master/Trojan/Gen_Symantec/0e6323a027ccd071be4f940dfaa4d8b7.pdf
155461, a74e06e378a17f7bfdb9b976fd50544a, https://github.com/vallejocc/Malware-Analysis-Reports/blob/master/Ransom/Cerber_Microsoft/a74e06e378a17f7bfdb9b976fd50544a.pdf
154840, 22c921a14fa78b73f02c992e7bdfa9e4, https://github.com/vallejocc/Malware-Analysis-Reports/blob/master/ML/Attribute_Symantec/22c921a14fa78b73f02c992e7bdfa9e4.pdf
154747, 0802821ad0ddbd98db095d2f63fe2e78, https://github.com/vallejocc/Malware-Analysis-Reports/blob/master/Ransom/Cerber_Microsoft/0802821ad0ddbd98db095d2f63fe2e78.pdf
154413, 7d2dc8564359854b9da0a6a83e915185, https://github.com/vallejocc/Malware-Analysis-Reports/blob/master/Trojan/Skeeyah_Microsoft/7d2dc8564359854b9da0a6a83e915185.pdf
152027, 89dda39f4e38ee1ee1700c1c7e7347aa, https://github.com/vallejocc/Malware-Analysis-Reports/blob/master/Trojan/Skeeyah_Microsoft/89dda39f4e38ee1ee1700c1c7e7347aa.pdf
150101, 77bec9c9ff10401db30445cd9f4e1b0b, https://github.com/vallejocc/Malware-Analysis-Reports/blob/master/Ransom/Enestedel_Microsoft/77bec9c9ff10401db30445cd9f4e1b0b.pdf
150030, 64e0165d8cf21c65d3cb3b8a94718d20, https://github.com/vallejocc/Malware-Analysis-Reports/blob/master/TrojanDropper/Evotob_Microsoft/64e0165d8cf21c65d3cb3b8a94718d20.pdf
148452, 045c6381cc14e6d68fc3b619c83af53c, https://github.com/vallejocc/Malware-Analysis-Reports/blob/master/Trojan/Godzilia_Microsoft/045c6381cc14e6d68fc3b619c83af53c.pdf
148345, 313f783ca58354f1e491a2d57714e551, https://github.com/vallejocc/Malware-Analysis-Reports/blob/master/BrowserModifier/KipodToolsCby_Microsoft/313f783ca58354f1e491a2d57714e551.pdf
147567, a987017ffdee4de5ac20ee15b369e103, https://github.com/vallejocc/Malware-Analysis-Reports/blob/master/VirTool/CeeInject_Microsoft/a987017ffdee4de5ac20ee15b369e103.pdf
146131, cbc23ce5f4b4e4142172808ed3ece105, https://github.com/vallejocc/Malware-Analysis-Reports/blob/master/TrojanDownloader/Banload_Microsoft/cbc23ce5f4b4e4142172808ed3ece105.pdf
145993, 82f819ee6aa16935170af8df6ba6e94b, https://github.com/vallejocc/Malware-Analysis-Reports/blob/master/TrojanDropper/Zegost_Microsoft/82f819ee6aa16935170af8df6ba6e94b.pdf
145427, 141029557080dff6527898437cde1949, https://github.com/vallejocc/Malware-Analysis-Reports/blob/master/TrojanSpy/Ursnif_Microsoft/141029557080dff6527898437cde1949.pdf
144654, 79cb5caa2023bb1fc09a16eacfbadb7d, https://github.com/vallejocc/Malware-Analysis-Reports/blob/master/Trojan/Dynamer_Microsoft/79cb5caa2023bb1fc09a16eacfbadb7d.pdf
144456, 97980de9fef180b0794feb1cb8c77487, https://github.com/vallejocc/Malware-Analysis-Reports/blob/master/Backdoor/Kirts_Microsoft/97980de9fef180b0794feb1cb8c77487.pdf
144111, e9844ff70293163fed9f6d7d5c157b66, https://github.com/vallejocc/Malware-Analysis-Reports/blob/master/unknown_malware_type/unknown_family/e9844ff70293163fed9f6d7d5c157b66.pdf
142148, b7405069f5f529efea3c179f3e0ceae8, https://github.com/vallejocc/Malware-Analysis-Reports/blob/master/Trojan/Gen_Symantec/b7405069f5f529efea3c179f3e0ceae8.pdf
141735, 4a5341716fb8364073c4471c1b77d840, https://github.com/vallejocc/Malware-Analysis-Reports/blob/master/Trojan/Itagomoko_Microsoft/4a5341716fb8364073c4471c1b77d840.pdf
141072, b91b7ce3541ca394cd433714133ff912, https://github.com/vallejocc/Malware-Analysis-Reports/blob/master/ML/Attribute_Symantec/b91b7ce3541ca394cd433714133ff912.pdf
136777, 07b9f5611cfe89520398e4d1b314d62f, https://github.com/vallejocc/Malware-Analysis-Reports/blob/master/Trojan/Dynamer_Microsoft/07b9f5611cfe89520398e4d1b314d62f.pdf
136727, c67a1208bcb948fe8c6c086f40647904, https://github.com/vallejocc/Malware-Analysis-Reports/blob/master/Trojan/Dynamer_Microsoft/c67a1208bcb948fe8c6c086f40647904.pdf
136080, 802eb0928efd197e78afb1c6a5aa1915, https://github.com/vallejocc/Malware-Analysis-Reports/blob/master/Trojan/Dynamer_Microsoft/802eb0928efd197e78afb1c6a5aa1915.pdf
134945, 2a8d437f0b9ffac482750fe052223c3d, https://github.com/vallejocc/Malware-Analysis-Reports/blob/master/Exploit/Eqtonex_Microsoft/2a8d437f0b9ffac482750fe052223c3d.pdf
134812, 42badc1d2f03a8b1e4875740d3d49336, https://github.com/vallejocc/Malware-Analysis-Reports/blob/master/unknown_malware_type/unknown_family/42badc1d2f03a8b1e4875740d3d49336.pdf
134492, a8f7967950dc44824d0e161e33e4bbd2, https://github.com/vallejocc/Malware-Analysis-Reports/blob/master/TrojanSpy/Ursnif_Microsoft/a8f7967950dc44824d0e161e33e4bbd2.pdf
134490, a82aa820247b76263406bed57910f91d, https://github.com/vallejocc/Malware-Analysis-Reports/blob/master/Ransom/Locky_Microsoft/a82aa820247b76263406bed57910f91d.pdf
131910, 39e360c8b8d0a9be23a41aa8ab12354a, https://github.com/vallejocc/Malware-Analysis-Reports/blob/master/unknown_malware_type/unknown_family/39e360c8b8d0a9be23a41aa8ab12354a.pdf
130666, aaf1828d61f9ea0717f99f7c3a55e1ff, https://github.com/vallejocc/Malware-Analysis-Reports/blob/master/unknown_malware_type/unknown_family/aaf1828d61f9ea0717f99f7c3a55e1ff.pdf
129011, 4adfc91f1cc5545b6903a300d11dd3b0, https://github.com/vallejocc/Malware-Analysis-Reports/blob/master/Trojan/Dorv_Microsoft/4adfc91f1cc5545b6903a300d11dd3b0.pdf
128409, dcc116778f365633d18f0c675f71b3be, https://github.com/vallejocc/Malware-Analysis-Reports/blob/master/unknown_malware_type/unknown_family/dcc116778f365633d18f0c675f71b3be.pdf
128390, 4a497fdacf903dc19e9112f007505cf7, https://github.com/vallejocc/Malware-Analysis-Reports/blob/master/Worm/Gamarue_Microsoft/4a497fdacf903dc19e9112f007505cf7.pdf
128045, a2e8be98b5c3e36df4d999f98106aa3b, https://github.com/vallejocc/Malware-Analysis-Reports/blob/master/Ransom/Locky_Microsoft/a2e8be98b5c3e36df4d999f98106aa3b.pdf
127458, 70a412b2cd6ff300d2f1189adf62a8f3, https://github.com/vallejocc/Malware-Analysis-Reports/blob/master/unknown_malware_type/unknown_family/70a412b2cd6ff300d2f1189adf62a8f3.pdf
126829, 29483b2e816db69ba221b18f97765abe, https://github.com/vallejocc/Malware-Analysis-Reports/blob/master/Ransom/Locky_Microsoft/29483b2e816db69ba221b18f97765abe.pdf
126623, bfbb712f5ee3ab830a87a10eac439f26, https://github.com/vallejocc/Malware-Analysis-Reports/blob/master/Ransom/Cerber_Microsoft/bfbb712f5ee3ab830a87a10eac439f26.pdf
126548, f4b5834044cc447673b12cf453d14818, https://github.com/vallejocc/Malware-Analysis-Reports/blob/master/Trojan/Dynamer_Microsoft/f4b5834044cc447673b12cf453d14818.pdf
125724, 3b989e849a26378e61d1eb0f7661d163, https://github.com/vallejocc/Malware-Analysis-Reports/blob/master/Trojan/Injector_Microsoft/3b989e849a26378e61d1eb0f7661d163.pdf
124128, c365c4b6e651034daaebd4363efa4b0f, https://github.com/vallejocc/Malware-Analysis-Reports/blob/master/unknown_malware_type/unknown_family/c365c4b6e651034daaebd4363efa4b0f.pdf
123827, a0fbf7f2c1695ec77aac7602a38cbfd8, https://github.com/vallejocc/Malware-Analysis-Reports/blob/master/Trojan/Dynamer_Microsoft/a0fbf7f2c1695ec77aac7602a38cbfd8.pdf
122871, 34607448551e6435e2404fda975aa513, https://github.com/vallejocc/Malware-Analysis-Reports/blob/master/unknown_malware_type/unknown_family/34607448551e6435e2404fda975aa513.pdf
122785, ca0d0e5eb22a0e19bc378c1a85ce82fb, https://github.com/vallejocc/Malware-Analysis-Reports/blob/master/Ransom/Cerber_Microsoft/ca0d0e5eb22a0e19bc378c1a85ce82fb.pdf
121833, c1a73ff8fb2836fe47bc095b622c6c50, https://github.com/vallejocc/Malware-Analysis-Reports/blob/master/VirTool/VBInject_Microsoft/c1a73ff8fb2836fe47bc095b622c6c50.pdf
121224, 6572d678819ad67d020c20688959135f, https://github.com/vallejocc/Malware-Analysis-Reports/blob/master/Trojan/Dynamer_Microsoft/6572d678819ad67d020c20688959135f.pdf
118987, b04839f71416a7fb287c9517dc5deb50, https://github.com/vallejocc/Malware-Analysis-Reports/blob/master/PWS/Fareit_Microsoft/b04839f71416a7fb287c9517dc5deb50.pdf
118485, 4c41cb58c39fe8756d44f8c1a5231f3a, https://github.com/vallejocc/Malware-Analysis-Reports/blob/master/Worm/Gamarue_Microsoft/4c41cb58c39fe8756d44f8c1a5231f3a.pdf
112642, a38ae943bdf7e7579fe72b7c477d4df4, https://github.com/vallejocc/Malware-Analysis-Reports/blob/master/Trojan/Dynamer_Microsoft/a38ae943bdf7e7579fe72b7c477d4df4.pdf
109698, 07c02391f5f29383622ec9cd61f97caa, https://github.com/vallejocc/Malware-Analysis-Reports/blob/master/Trojan/Qzonit_Microsoft/07c02391f5f29383622ec9cd61f97caa.pdf
104490, 86df897b87816cecb01ddc357c0816cd, https://github.com/vallejocc/Malware-Analysis-Reports/blob/master/Trojan/Skeeyah_Microsoft/86df897b87816cecb01ddc357c0816cd.pdf
102028, d20202de7906bc93f8447ebd396aeb5a, https://github.com/vallejocc/Malware-Analysis-Reports/blob/master/unknown_malware_type/unknown_family/d20202de7906bc93f8447ebd396aeb5a.pdf
100600, 245b1e1607bb0bbfa7a0a1635aba30a6, https://github.com/vallejocc/Malware-Analysis-Reports/blob/master/PWS/Fareit_Microsoft/245b1e1607bb0bbfa7a0a1635aba30a6.pdf
99808, 3e188e6b8cfc28c207d5c7ac2275e2e0, https://github.com/vallejocc/Malware-Analysis-Reports/blob/master/unknown_malware_type/unknown_family/3e188e6b8cfc28c207d5c7ac2275e2e0.pdf
99694, 07aad06694380a37d6b111c332bab665, https://github.com/vallejocc/Malware-Analysis-Reports/blob/master/TrojanSpy/Skeeyah_Microsoft/07aad06694380a37d6b111c332bab665.pdf
99688, 97ac043684013ee7e5dac331a4e974a0, https://github.com/vallejocc/Malware-Analysis-Reports/blob/master/unknown_malware_type/unknown_family/97ac043684013ee7e5dac331a4e974a0.pdf
99332, b20e3dd15010384dba9bbb4edba9ff64, https://github.com/vallejocc/Malware-Analysis-Reports/blob/master/unknown_malware_type/unknown_family/b20e3dd15010384dba9bbb4edba9ff64.pdf
98745, 168d0af663d76022ce31f16618dc68c3, https://github.com/vallejocc/Malware-Analysis-Reports/blob/master/DDoS/Nitol_Microsoft/168d0af663d76022ce31f16618dc68c3.pdf
97173, 14710ba67c11fb09b909088952bde344, https://github.com/vallejocc/Malware-Analysis-Reports/blob/master/unknown_malware_type/unknown_family/14710ba67c11fb09b909088952bde344.pdf
96418, 53dc429b9b0e15f627e38c6af9b721df, https://github.com/vallejocc/Malware-Analysis-Reports/blob/master/PWS/Dyzap_Microsoft/53dc429b9b0e15f627e38c6af9b721df.pdf
92598, 38bb48624529059e8bfb45e00a517f13, https://github.com/vallejocc/Malware-Analysis-Reports/blob/master/Trojan/Dynamer_Microsoft/38bb48624529059e8bfb45e00a517f13.pdf
89266, 89d3bf00161b6f0a2b003e31bf9b6cad, https://github.com/vallejocc/Malware-Analysis-Reports/blob/master/unknown_malware_type/unknown_family/89d3bf00161b6f0a2b003e31bf9b6cad.pdf
89050, 806fc6d8ba45c4c82da48fc78de121cc, https://github.com/vallejocc/Malware-Analysis-Reports/blob/master/VirTool/Injector_Microsoft/806fc6d8ba45c4c82da48fc78de121cc.pdf
86530, 002abfa1b52e53e8a4a1f73be7ff2521, https://github.com/vallejocc/Malware-Analysis-Reports/blob/master/Backdoor/Venik_Microsoft/002abfa1b52e53e8a4a1f73be7ff2521.pdf
86155, 8965e5db0b9257455a95ce8e9aa95652, https://github.com/vallejocc/Malware-Analysis-Reports/blob/master/VirTool/VBInject_Microsoft/8965e5db0b9257455a95ce8e9aa95652.pdf
84243, b53cc4c1d92b14c4ec24958ddc754a11, https://github.com/vallejocc/Malware-Analysis-Reports/blob/master/Trojan/Dynamer_Microsoft/b53cc4c1d92b14c4ec24958ddc754a11.pdf
83336, 05d97a2ad7acf96f3499afa5d00c3104, https://github.com/vallejocc/Malware-Analysis-Reports/blob/master/TrojanSpy/Skeeyah_Microsoft/05d97a2ad7acf96f3499afa5d00c3104.pdf
83113, 06b8b23e84ab966e763136d2097ab9f9, https://github.com/vallejocc/Malware-Analysis-Reports/blob/master/unknown_malware_type/unknown_family/06b8b23e84ab966e763136d2097ab9f9.pdf
82436, ea2ef30c99ececb1eda9aa128631ff31, https://github.com/vallejocc/Malware-Analysis-Reports/blob/master/HackTool/Cain_Microsoft/ea2ef30c99ececb1eda9aa128631ff31.pdf
77275, 3e85a611b1ed495ac9cf3746b13a07bf, https://github.com/vallejocc/Malware-Analysis-Reports/blob/master/VirTool/VBInject_Microsoft/3e85a611b1ed495ac9cf3746b13a07bf.pdf
76995, f4012addd8356efd07f9ce88ede2fcf7, https://github.com/vallejocc/Malware-Analysis-Reports/blob/master/Trojan/Dynamer_Microsoft/f4012addd8356efd07f9ce88ede2fcf7.pdf
76841, c8b159b89be8fe8081996530aed9b084, https://github.com/vallejocc/Malware-Analysis-Reports/blob/master/Trojan/Dynamer_Microsoft/c8b159b89be8fe8081996530aed9b084.pdf
73705, 6f2b3fd69a91a967f21072f1992fe014, https://github.com/vallejocc/Malware-Analysis-Reports/blob/master/VirTool/Injector_Microsoft/6f2b3fd69a91a967f21072f1992fe014.pdf
73441, 993cfd5a184c17e7dc0eaa836678eb89, https://github.com/vallejocc/Malware-Analysis-Reports/blob/master/Backdoor/NetWiredRC_Microsoft/993cfd5a184c17e7dc0eaa836678eb89.pdf
72227, 12dfa7ad3585f2c4c92e38eeeac2c1f4, https://github.com/vallejocc/Malware-Analysis-Reports/blob/master/Ransom/Milicry_Microsoft/12dfa7ad3585f2c4c92e38eeeac2c1f4.pdf
61510, 03e6e9668f7bce966e7fced120f50d79, https://github.com/vallejocc/Malware-Analysis-Reports/blob/master/TrojanDownloader/Gotup_Microsoft/03e6e9668f7bce966e7fced120f50d79.pdf
56001, 76a6727c616471420f1a939576ba5013, https://github.com/vallejocc/Malware-Analysis-Reports/blob/master/unknown_malware_type/unknown_family/76a6727c616471420f1a939576ba5013.pdf
55565, b5329523cce09e59cbf6c0dafed75083, https://github.com/vallejocc/Malware-Analysis-Reports/blob/master/Trojan/Gen_Symantec/b5329523cce09e59cbf6c0dafed75083.pdf
